{"stats":{"minecraft:dropped":{"minecraft:enchanted_book":10,"minecraft:lever":2,"minecraft:player_head":1,"minecraft:blaze_rod":2,"minecraft:yellow_wool":3,"minecraft:cookie":1,"minecraft:cobblestone":4,"minecraft:yellow_terracotta":4,"minecraft:apple":1,"minecraft:blaze_powder":2,"minecraft:iron_horse_armor":1,"minecraft:saddle":1,"minecraft:enderman_spawn_egg":1,"minecraft:rabbit_foot":1,"minecraft:leather_helmet":1,"minecraft:potato":1,"minecraft:cobblestone_stairs":8,"minecraft:pufferfish":1,"minecraft:poppy":1,"minecraft:iron_block":1,"minecraft:leather_chestplate":4,"minecraft:golden_carrot":2,"minecraft:torch":3,"minecraft:quartz_block":1,"minecraft:cake":1,"minecraft:leather_boots":1,"minecraft:cooked_salmon":2,"minecraft:leather_leggings":1,"minecraft:gold_nugget":1,"minecraft:beacon":2,"minecraft:magma_cream":4,"minecraft:string":3,"minecraft:bone":4},"minecraft:custom":{"minecraft:inspect_dropper":1,"minecraft:mob_kills":6,"minecraft:play_one_minute":21629,"minecraft:eat_cake_slice":2,"minecraft:leave_game":3,"minecraft:time_since_death":1561,"minecraft:time_since_rest":1725,"minecraft:sprint_one_cm":17046,"minecraft:damage_absorbed":160,"minecraft:damage_taken":10858,"minecraft:walk_one_cm":44711,"minecraft:drop":49,"minecraft:damage_dealt":2872,"minecraft:fly_one_cm":21789,"minecraft:player_kills":28,"minecraft:open_chest":1,"minecraft:crouch_one_cm":22944,"minecraft:deaths":32,"minecraft:sneak_time":6850,"minecraft:jump":424,"minecraft:fall_one_cm":6737},"minecraft:picked_up":{"minecraft:sponge":1,"minecraft:blaze_spawn_egg":1,"minecraft:allium":5,"minecraft:leather_chestplate":5,"minecraft:azure_bluet":4,"minecraft:magma_cream":4,"minecraft:golden_carrot":2,"minecraft:yellow_wool":29,"minecraft:leather_leggings":2,"minecraft:golden_leggings":1,"minecraft:beacon":2,"minecraft:potato":30,"minecraft:potion":1,"minecraft:enchanted_book":11,"minecraft:golden_boots":1,"minecraft:cobblestone_stairs":8,"minecraft:lapis_lazuli":14,"minecraft:string":2,"lucky:lucky_potion":8,"minecraft:cooked_salmon":2,"minecraft:leather_boots":1,"minecraft:vex_spawn_egg":2,"minecraft:pufferfish":3,"minecraft:bone":1,"minecraft:blue_orchid":5,"minecraft:apple":1,"minecraft:gold_nugget":1,"lucky:lucky_sword":1,"minecraft:ender_eye":2,"minecraft:player_head":1,"minecraft:poppy":7,"minecraft:enchanted_golden_apple":1,"minecraft:iron_sword":1,"minecraft:book":5,"minecraft:vindicator_spawn_egg":1,"minecraft:golden_helmet":1,"minecraft:sandstone":12,"minecraft:oak_fence":1,"minecraft:torch":3,"minecraft:dandelion":11,"minecraft:oak_pressure_plate":1,"minecraft:poisonous_potato":14,"minecraft:enderman_spawn_egg":2,"minecraft:cake":1,"minecraft:pufferfish_spawn_egg":1,"minecraft:cookie":1,"minecraft:iron_horse_armor":1,"minecraft:rabbit_foot":1,"minecraft:golden_chestplate":1,"minecraft:leather_helmet":1,"minecraft:tnt":1,"minecraft:quartz_block":1,"minecraft:arrow":10,"minecraft:rotten_flesh":3,"minecraft:light_blue_wool":1,"minecraft:diamond":12,"minecraft:slime_block":10,"minecraft:lever":2,"minecraft:iron_helmet":1,"minecraft:sandstone_stairs":25,"minecraft:iron_block":1,"minecraft:yellow_terracotta":4,"minecraft:parrot_spawn_egg":1,"minecraft:golden_horse_armor":1,"minecraft:bookshelf":6,"minecraft:gold_ingot":9,"minecraft:glistering_melon_slice":2,"minecraft:emerald":9,"minecraft:turtle_spawn_egg":1,"minecraft:baked_potato":22,"minecraft:blaze_rod":2,"minecraft:blaze_powder":2,"minecraft:mutton":1,"minecraft:ender_pearl":3,"minecraft:iron_bars":1,"minecraft:cobblestone":4,"minecraft:wet_sponge":1,"minecraft:oxeye_daisy":18},"minecraft:killed_by":{"minecraft:player":13,"minecraft:slime":1,"minecraft:vex":2},"minecraft:mined":{"minecraft:yellow_terracotta":2,"minecraft:quartz_block":2,"minecraft:torch":3,"minecraft:beacon":1,"minecraft:oak_pressure_plate":1,"minecraft:glass":2,"minecraft:cobblestone":4,"minecraft:slime_block":13,"minecraft:sandstone":30,"minecraft:sandstone_stairs":19,"minecraft:yellow_wool":7,"minecraft:lapis_block":1,"minecraft:cobweb":1,"minecraft:wet_sponge":1,"lucky:lucky_block":42,"minecraft:iron_block":1},"minecraft:broken":{"minecraft:iron_helmet":1,"minecraft:stone_pickaxe":1},"minecraft:used":{"minecraft:turtle_spawn_egg":1,"minecraft:sandstone_stairs":8,"minecraft:pufferfish_spawn_egg":1,"minecraft:stone_pickaxe":100,"minecraft:sandstone":12,"lucky:lucky_sword":16,"minecraft:vex_spawn_egg":2,"minecraft:parrot_spawn_egg":1,"minecraft:vindicator_spawn_egg":1,"minecraft:rotten_flesh":1,"minecraft:mutton":1,"minecraft:tnt":1,"minecraft:sponge":1,"minecraft:enderman_spawn_egg":1,"minecraft:bookshelf":3,"minecraft:bread":2,"minecraft:wet_sponge":1,"minecraft:oak_pressure_plate":1,"minecraft:yellow_wool":21,"minecraft:blaze_spawn_egg":1,"lucky:lucky_potion":3,"minecraft:enchanted_golden_apple":1},"minecraft:killed":{"minecraft:giant":1}},"DataVersion":2586}