{"stats":{"minecraft:dropped":{"minecraft:enchanted_book":11,"minecraft:iron_sword":1,"minecraft:sandstone_stairs":2,"minecraft:yellow_terracotta":4,"minecraft:cookie":1,"minecraft:cobblestone":4,"minecraft:apple":1,"minecraft:iron_horse_armor":1,"minecraft:saddle":1,"minecraft:tropical_fish":1,"minecraft:enderman_spawn_egg":1,"minecraft:leather_helmet":3,"minecraft:pufferfish":1,"minecraft:cobblestone_stairs":8,"minecraft:iron_block":1,"minecraft:golden_carrot":2,"minecraft:torch":3,"minecraft:cooked_salmon":2,"minecraft:music_disc_strad":1,"minecraft:gold_nugget":1,"minecraft:glistering_melon_slice":2,"minecraft:string":4,"minecraft:bone":4,"minecraft:lever":2,"minecraft:player_head":2,"minecraft:blaze_rod":2,"minecraft:yellow_wool":3,"minecraft:rotten_flesh":1,"minecraft:comparator":1,"minecraft:blaze_powder":2,"minecraft:salmon":5,"minecraft:rabbit_foot":1,"minecraft:rabbit_hide":2,"minecraft:poppy":2,"minecraft:leather_chestplate":4,"minecraft:potato":1,"minecraft:skeleton_skull":6,"minecraft:quartz_block":23,"minecraft:cake":1,"minecraft:leather_boots":1,"minecraft:leather_leggings":1,"minecraft:beacon":2,"minecraft:nether_quartz_ore":19,"minecraft:magma_cream":4,"minecraft:quartz":25,"minecraft:quartz_slab":5},"minecraft:custom":{"minecraft:inspect_dropper":1,"minecraft:interact_with_anvil":1,"minecraft:mob_kills":7,"minecraft:eat_cake_slice":2,"minecraft:leave_game":3,"minecraft:time_since_death":1151,"minecraft:sprint_one_cm":29175,"minecraft:walk_one_cm":60743,"minecraft:drop":74,"minecraft:talked_to_villager":1,"minecraft:deaths":44,"minecraft:sneak_time":9548,"minecraft:walk_under_water_one_cm":15420,"minecraft:jump":521,"minecraft:walk_on_water_one_cm":7519,"minecraft:play_one_minute":33629,"minecraft:time_since_rest":1179,"minecraft:damage_taken":14256,"minecraft:open_enderchest":2,"minecraft:damage_absorbed":160,"minecraft:damage_dealt":4171,"minecraft:swim_one_cm":1480,"minecraft:fly_one_cm":49244,"minecraft:player_kills":37,"minecraft:open_chest":1,"minecraft:crouch_one_cm":36196,"minecraft:fall_one_cm":9999},"minecraft:picked_up":{"minecraft:fishing_rod":1,"minecraft:blaze_spawn_egg":1,"minecraft:music_disc_strad":1,"minecraft:iron_chestplate":2,"minecraft:allium":5,"minecraft:azure_bluet":4,"minecraft:splash_potion":2,"minecraft:golden_pickaxe":1,"minecraft:leather_leggings":2,"minecraft:yellow_wool":33,"minecraft:diamond_sword":1,"minecraft:enchanted_book":11,"minecraft:potion":4,"minecraft:golden_shovel":1,"minecraft:diamond_horse_armor":1,"minecraft:golden_sword":1,"minecraft:string":2,"minecraft:cooked_salmon":2,"lucky:lucky_potion":18,"minecraft:iron_leggings":1,"minecraft:quartz_slab":5,"minecraft:vex_spawn_egg":2,"minecraft:pufferfish":8,"minecraft:blue_orchid":5,"minecraft:diamond_leggings":1,"minecraft:gold_nugget":1,"minecraft:comparator":1,"lucky:lucky_sword":2,"minecraft:player_head":2,"minecraft:ender_eye":6,"minecraft:poppy":8,"minecraft:enchanted_golden_apple":1,"minecraft:quartz_stairs":7,"minecraft:iron_boots":1,"minecraft:golden_helmet":1,"minecraft:sandstone":13,"minecraft:oak_fence":1,"minecraft:torch":3,"minecraft:golden_axe":1,"minecraft:pufferfish_spawn_egg":1,"minecraft:cake":1,"minecraft:cookie":1,"minecraft:golden_chestplate":1,"minecraft:iron_horse_armor":1,"minecraft:rabbit_foot":1,"minecraft:tnt":16,"minecraft:quartz_block":25,"minecraft:arrow":11,"minecraft:rotten_flesh":3,"minecraft:light_blue_wool":1,"minecraft:tropical_fish":1,"minecraft:sandstone_stairs":25,"minecraft:iron_block":6,"minecraft:glistering_melon_slice":2,"minecraft:yellow_terracotta":4,"minecraft:gold_ingot":9,"minecraft:bookshelf":6,"minecraft:turtle_spawn_egg":1,"minecraft:cod":3,"minecraft:blaze_rod":2,"minecraft:oxeye_daisy":18,"minecraft:mutton":1,"minecraft:wet_sponge":1,"minecraft:iron_bars":1,"minecraft:skeleton_skull":6,"minecraft:blaze_powder":2,"minecraft:cobblestone":8,"minecraft:sponge":1,"minecraft:leather_chestplate":5,"minecraft:magma_cream":4,"minecraft:golden_carrot":2,"minecraft:water_bucket":1,"minecraft:salmon":5,"minecraft:golden_leggings":1,"minecraft:beacon":2,"minecraft:end_portal_frame":6,"minecraft:potato":62,"minecraft:golden_boots":1,"minecraft:cobblestone_stairs":8,"minecraft:lapis_lazuli":14,"minecraft:leather_boots":1,"minecraft:bone":1,"minecraft:apple":1,"minecraft:bow":1,"minecraft:rabbit_hide":2,"minecraft:diamond_helmet":1,"minecraft:iron_sword":2,"minecraft:book":5,"minecraft:vindicator_spawn_egg":1,"minecraft:nether_quartz_ore":19,"minecraft:lava_bucket":1,"minecraft:quartz":25,"minecraft:dandelion":11,"minecraft:oak_pressure_plate":1,"minecraft:poisonous_potato":16,"minecraft:enderman_spawn_egg":2,"minecraft:leather_helmet":3,"minecraft:diamond":32,"minecraft:slime_block":10,"minecraft:lever":2,"minecraft:iron_helmet":1,"minecraft:golden_apple":2,"minecraft:golden_horse_armor":1,"minecraft:emerald":9,"minecraft:parrot_spawn_egg":1,"minecraft:baked_potato":41,"minecraft:jack_o_lantern":12,"minecraft:nether_star":1,"minecraft:ender_pearl":3},"minecraft:killed_by":{"minecraft:player":20,"minecraft:slime":1,"minecraft:vex":4},"minecraft:mined":{"minecraft:yellow_terracotta":2,"minecraft:oak_pressure_plate":1,"minecraft:sandstone":30,"minecraft:sandstone_stairs":19,"minecraft:wet_sponge":1,"lucky:lucky_block":85,"minecraft:iron_block":1,"minecraft:quartz_block":2,"minecraft:torch":3,"minecraft:beacon":1,"minecraft:glass":2,"minecraft:cobblestone":4,"minecraft:slime_block":15,"minecraft:yellow_wool":7,"minecraft:lapis_block":1,"minecraft:tnt":11,"minecraft:cobweb":1},"minecraft:broken":{"minecraft:leather_leggings":1,"minecraft:leather_chestplate":1,"minecraft:stone_pickaxe":1,"minecraft:iron_helmet":1},"minecraft:used":{"minecraft:jack_o_lantern":12,"minecraft:pufferfish_spawn_egg":1,"minecraft:vex_spawn_egg":2,"minecraft:rotten_flesh":1,"minecraft:mutton":1,"minecraft:bookshelf":3,"minecraft:iron_block":5,"minecraft:slime_block":6,"minecraft:wet_sponge":1,"minecraft:blaze_spawn_egg":1,"lucky:lucky_potion":3,"minecraft:enchanted_golden_apple":1,"minecraft:turtle_spawn_egg":1,"minecraft:sandstone_stairs":23,"minecraft:stone_pickaxe":100,"minecraft:sandstone":13,"minecraft:parrot_spawn_egg":1,"lucky:lucky_sword":32,"minecraft:vindicator_spawn_egg":1,"minecraft:tnt":8,"minecraft:sponge":1,"minecraft:cod":3,"minecraft:enderman_spawn_egg":1,"minecraft:bread":2,"minecraft:oak_pressure_plate":1,"minecraft:yellow_wool":28,"minecraft:fishing_rod":1,"minecraft:diamond_sword":28,"minecraft:cobblestone":4},"minecraft:killed":{"minecraft:giant":1}},"DataVersion":2586}