{"stats":{"minecraft:custom":{"minecraft:time_since_rest":119,"minecraft:sprint_one_cm":2774,"minecraft:inspect_dropper":1,"minecraft:damage_taken":6730,"minecraft:walk_one_cm":17927,"minecraft:damage_absorbed":160,"minecraft:mob_kills":4,"minecraft:damage_dealt":1170,"minecraft:fly_one_cm":8377,"minecraft:player_kills":12,"minecraft:crouch_one_cm":10815,"minecraft:play_one_minute":9629,"minecraft:deaths":19,"minecraft:sneak_time":3529,"minecraft:eat_cake_slice":2,"minecraft:jump":245,"minecraft:leave_game":3,"minecraft:time_since_death":82,"minecraft:fall_one_cm":4581},"minecraft:picked_up":{"minecraft:book":5,"minecraft:sponge":1,"minecraft:golden_helmet":1,"minecraft:azure_bluet":4,"minecraft:allium":5,"minecraft:yellow_wool":3,"minecraft:oak_fence":1,"minecraft:golden_leggings":1,"minecraft:dandelion":11,"minecraft:oak_pressure_plate":1,"minecraft:poisonous_potato":14,"minecraft:potato":29,"minecraft:golden_boots":1,"minecraft:lapis_lazuli":14,"minecraft:golden_chestplate":1,"minecraft:tnt":1,"minecraft:pufferfish":2,"minecraft:rotten_flesh":2,"minecraft:blue_orchid":5,"minecraft:light_blue_wool":1,"minecraft:diamond":12,"minecraft:slime_block":4,"minecraft:gold_ingot":9,"minecraft:bookshelf":6,"minecraft:golden_horse_armor":1,"minecraft:emerald":9,"minecraft:poppy":6,"minecraft:baked_potato":22,"minecraft:enchanted_golden_apple":1,"minecraft:mutton":1,"minecraft:iron_bars":1,"minecraft:oxeye_daisy":18,"minecraft:wet_sponge":1},"minecraft:killed_by":{"minecraft:player":6,"minecraft:slime":1},"minecraft:mined":{"minecraft:yellow_wool":4,"minecraft:glass":2,"minecraft:oak_pressure_plate":1,"minecraft:wet_sponge":1,"minecraft:slime_block":5,"lucky:lucky_block":12},"minecraft:used":{"minecraft:bookshelf":3,"minecraft:wet_sponge":1,"minecraft:oak_pressure_plate":1,"minecraft:yellow_wool":1,"minecraft:rotten_flesh":1,"minecraft:mutton":1,"minecraft:tnt":1,"minecraft:sponge":1,"minecraft:enchanted_golden_apple":1}},"DataVersion":2586}