{"stats":{"minecraft:dropped":{"minecraft:enchanted_book":11,"minecraft:golden_boots":1,"minecraft:iron_sword":1,"minecraft:lapis_lazuli":15,"minecraft:golden_helmet":1,"minecraft:tnt":18,"minecraft:golden_pickaxe":1,"minecraft:diamond":1,"minecraft:nether_star":2,"minecraft:sandstone_stairs":2,"minecraft:prismarine_shard":9,"minecraft:poisonous_potato":9,"minecraft:iron_helmet":1,"minecraft:golden_axe":1,"minecraft:yellow_terracotta":4,"minecraft:cookie":12,"minecraft:cobblestone":4,"minecraft:prismarine_crystals":8,"minecraft:apple":1,"minecraft:iron_horse_armor":2,"minecraft:saddle":2,"minecraft:tropical_fish":1,"minecraft:enderman_spawn_egg":1,"minecraft:leather_helmet":3,"minecraft:emerald":58,"minecraft:stick":1,"minecraft:pufferfish":6,"minecraft:cobblestone_stairs":8,"minecraft:oxeye_daisy":16,"minecraft:lava_bucket":1,"minecraft:diamond_horse_armor":1,"minecraft:iron_block":2,"minecraft:golden_carrot":2,"minecraft:sponge":1,"minecraft:torch":3,"minecraft:jack_o_lantern":10,"minecraft:cooked_salmon":2,"minecraft:wooden_sword":1,"minecraft:iron_leggings":1,"minecraft:music_disc_strad":1,"minecraft:gold_nugget":3,"minecraft:golden_hoe":1,"minecraft:pumpkin":2,"minecraft:pink_tulip":6,"minecraft:sugar":5,"minecraft:glistering_melon_slice":2,"minecraft:iron_pickaxe":1,"minecraft:iron_shovel":1,"minecraft:fishing_rod":1,"minecraft:string":14,"minecraft:bucket":1,"minecraft:gold_ingot":30,"minecraft:bone":14,"minecraft:stone_axe":1,"minecraft:lever":4,"minecraft:player_head":3,"minecraft:golden_chestplate":1,"minecraft:blaze_rod":2,"minecraft:yellow_wool":3,"minecraft:rotten_flesh":15,"minecraft:comparator":1,"minecraft:glowstone_dust":1,"minecraft:name_tag":1,"minecraft:blaze_powder":2,"minecraft:golden_shovel":1,"minecraft:azure_bluet":4,"minecraft:oak_sign":3,"minecraft:salmon":5,"minecraft:rabbit_foot":1,"minecraft:chainmail_chestplate":1,"minecraft:rabbit_hide":2,"minecraft:poppy":3,"minecraft:leather_chestplate":4,"minecraft:potato":94,"minecraft:allium":13,"minecraft:skeleton_skull":7,"minecraft:iron_chestplate":2,"minecraft:quartz_block":25,"minecraft:quartz_stairs":7,"minecraft:cake":1,"minecraft:leather_boots":1,"minecraft:golden_leggings":1,"minecraft:golden_sword":1,"minecraft:leather_leggings":1,"minecraft:spider_eye":7,"minecraft:rabbit_stew":9,"minecraft:blue_orchid":14,"minecraft:beacon":3,"minecraft:music_disc_mellohi":1,"minecraft:nether_quartz_ore":21,"minecraft:magma_cream":4,"minecraft:quartz":25,"lucky:lucky_sword":1,"minecraft:splash_potion":1,"minecraft:quartz_slab":5},"minecraft:custom":{"minecraft:inspect_dropper":1,"minecraft:interact_with_anvil":1,"minecraft:mob_kills":19,"minecraft:eat_cake_slice":4,"minecraft:leave_game":3,"minecraft:time_since_death":124,"minecraft:sprint_one_cm":37776,"minecraft:walk_one_cm":84892,"minecraft:drop":168,"minecraft:talked_to_villager":1,"minecraft:deaths":55,"minecraft:sneak_time":11940,"minecraft:walk_under_water_one_cm":21502,"minecraft:jump":689,"minecraft:walk_on_water_one_cm":9461,"minecraft:play_one_minute":45629,"minecraft:time_since_rest":153,"minecraft:damage_taken":19708,"minecraft:open_enderchest":6,"minecraft:damage_absorbed":320,"minecraft:damage_dealt":5990,"minecraft:swim_one_cm":1480,"minecraft:fly_one_cm":60063,"minecraft:player_kills":45,"minecraft:open_chest":3,"minecraft:crouch_one_cm":46718,"minecraft:fall_one_cm":15777},"minecraft:picked_up":{"minecraft:fishing_rod":1,"minecraft:blaze_spawn_egg":1,"minecraft:music_disc_strad":1,"minecraft:iron_chestplate":3,"minecraft:allium":18,"minecraft:azure_bluet":8,"minecraft:ender_chest":1,"minecraft:splash_potion":2,"minecraft:prismarine_shard":9,"minecraft:rabbit_stew":9,"minecraft:golden_pickaxe":1,"minecraft:leather_leggings":2,"minecraft:yellow_wool":33,"minecraft:diamond_sword":1,"minecraft:enchanted_book":12,"minecraft:potion":8,"minecraft:golden_shovel":1,"minecraft:diamond_horse_armor":1,"minecraft:golden_sword":1,"minecraft:wooden_sword":1,"minecraft:string":17,"minecraft:cooked_salmon":2,"lucky:lucky_potion":48,"minecraft:iron_leggings":1,"minecraft:quartz_slab":5,"minecraft:vex_spawn_egg":2,"minecraft:iron_shovel":1,"minecraft:pufferfish":8,"minecraft:oak_sign":3,"minecraft:blue_orchid":19,"minecraft:diamond_leggings":1,"minecraft:bucket":1,"minecraft:gold_nugget":3,"minecraft:comparator":1,"lucky:lucky_sword":3,"minecraft:player_head":3,"minecraft:ender_eye":6,"minecraft:iron_pickaxe":1,"minecraft:poppy":9,"minecraft:enchanted_golden_apple":1,"minecraft:quartz_stairs":7,"minecraft:iron_boots":1,"minecraft:golden_helmet":2,"minecraft:stick":1,"minecraft:sandstone":13,"minecraft:jukebox":1,"minecraft:oak_fence":1,"minecraft:torch":3,"minecraft:music_disc_mellohi":2,"minecraft:golden_axe":1,"minecraft:pufferfish_spawn_egg":1,"minecraft:cake":2,"minecraft:cookie":12,"minecraft:prismarine_crystals":8,"minecraft:golden_chestplate":2,"minecraft:iron_horse_armor":3,"minecraft:rabbit_foot":1,"minecraft:tnt":26,"minecraft:quartz_block":41,"minecraft:arrow":14,"minecraft:rotten_flesh":18,"minecraft:light_blue_wool":1,"minecraft:tropical_fish":1,"minecraft:golden_hoe":1,"minecraft:pink_tulip":6,"minecraft:hay_block":2,"minecraft:saddle":2,"minecraft:sandstone_stairs":25,"minecraft:iron_block":7,"minecraft:glistering_melon_slice":2,"minecraft:yellow_terracotta":4,"minecraft:gold_ingot":39,"minecraft:bookshelf":6,"minecraft:turtle_spawn_egg":1,"minecraft:cod":3,"minecraft:blaze_rod":2,"minecraft:oxeye_daisy":34,"minecraft:mutton":2,"minecraft:wet_sponge":1,"minecraft:iron_bars":2,"minecraft:skeleton_skull":7,"minecraft:blaze_powder":2,"minecraft:cobblestone":8,"minecraft:sponge":2,"minecraft:leather_chestplate":5,"minecraft:magma_cream":4,"minecraft:golden_carrot":2,"minecraft:water_bucket":1,"minecraft:salmon":5,"minecraft:golden_leggings":2,"minecraft:beacon":3,"minecraft:end_portal_frame":6,"minecraft:potato":142,"minecraft:chainmail_chestplate":1,"minecraft:golden_boots":2,"minecraft:cobblestone_stairs":8,"minecraft:lapis_lazuli":29,"lucky:lucky_bow":1,"minecraft:leather_boots":1,"minecraft:bone":11,"minecraft:apple":1,"minecraft:bow":2,"minecraft:rabbit_hide":2,"minecraft:iron_ingot":2,"minecraft:diamond_helmet":1,"minecraft:glowstone_dust":1,"minecraft:iron_sword":2,"minecraft:book":5,"minecraft:vindicator_spawn_egg":1,"minecraft:nether_quartz_ore":55,"minecraft:pumpkin":3,"minecraft:lava_bucket":2,"minecraft:quartz":53,"minecraft:dandelion":11,"minecraft:oak_pressure_plate":1,"minecraft:poisonous_potato":23,"minecraft:enderman_spawn_egg":2,"minecraft:sea_lantern":1,"minecraft:spider_eye":7,"minecraft:leather_helmet":3,"minecraft:sugar":5,"minecraft:diamond":91,"minecraft:stone_axe":1,"minecraft:slime_block":10,"minecraft:lever":4,"minecraft:iron_helmet":2,"minecraft:crossbow":1,"minecraft:diamond_axe":1,"minecraft:golden_apple":6,"minecraft:golden_horse_armor":1,"minecraft:emerald":67,"minecraft:parrot_spawn_egg":1,"minecraft:baked_potato":50,"minecraft:jack_o_lantern":22,"minecraft:nether_star":2,"minecraft:diamond_pickaxe":1,"minecraft:ender_pearl":5},"minecraft:killed_by":{"minecraft:player":24,"minecraft:creeper":1,"minecraft:slime":1,"minecraft:zombie":1,"minecraft:vex":4},"minecraft:mined":{"minecraft:yellow_terracotta":2,"minecraft:oak_pressure_plate":1,"minecraft:sandstone":30,"minecraft:sandstone_stairs":19,"minecraft:wet_sponge":1,"lucky:lucky_block":143,"minecraft:iron_block":1,"minecraft:quartz_block":2,"minecraft:torch":3,"minecraft:beacon":1,"minecraft:glass":4,"minecraft:cobblestone":4,"minecraft:slime_block":18,"minecraft:yellow_wool":7,"minecraft:lapis_block":1,"minecraft:tnt":11,"minecraft:cobweb":1},"minecraft:broken":{"minecraft:leather_leggings":1,"minecraft:iron_boots":1,"minecraft:leather_chestplate":1,"minecraft:stone_pickaxe":1,"minecraft:iron_helmet":1},"minecraft:used":{"minecraft:jack_o_lantern":12,"minecraft:pufferfish_spawn_egg":1,"minecraft:ender_chest":1,"minecraft:vex_spawn_egg":2,"minecraft:rotten_flesh":1,"minecraft:mutton":1,"minecraft:nether_quartz_ore":30,"minecraft:obsidian":1,"minecraft:sea_lantern":1,"minecraft:bookshelf":3,"minecraft:iron_block":5,"minecraft:slime_block":6,"minecraft:quartz_block":16,"minecraft:wet_sponge":1,"minecraft:blaze_spawn_egg":1,"minecraft:bow":4,"minecraft:hay_block":2,"minecraft:pumpkin":1,"lucky:lucky_potion":3,"minecraft:enchanted_golden_apple":1,"minecraft:turtle_spawn_egg":1,"minecraft:water_bucket":2,"minecraft:sandstone_stairs":23,"minecraft:stone_pickaxe":100,"minecraft:baked_potato":3,"minecraft:sandstone":13,"minecraft:parrot_spawn_egg":1,"lucky:lucky_sword":100,"minecraft:vindicator_spawn_egg":1,"minecraft:tnt":8,"minecraft:sponge":1,"minecraft:cod":3,"minecraft:cake":1,"minecraft:enderman_spawn_egg":1,"minecraft:diamond_pickaxe":2,"minecraft:bread":2,"minecraft:oak_pressure_plate":1,"minecraft:yellow_wool":28,"minecraft:fishing_rod":1,"minecraft:diamond_sword":39,"minecraft:cobblestone":4,"minecraft:bucket":2,"minecraft:jukebox":1},"minecraft:killed":{"minecraft:witch":1,"minecraft:giant":1,"minecraft:skeleton_horse":1,"minecraft:wolf":1,"minecraft:sheep":2}},"DataVersion":2586}