{"stats":{"minecraft:dropped":{"minecraft:iron_sword":1,"minecraft:iron_helmet":1,"minecraft:cookie":1,"minecraft:leather_helmet":1,"minecraft:light_weighted_pressure_plate":1,"minecraft:pufferfish":1,"minecraft:repeater":1,"minecraft:potion":2,"minecraft:iron_leggings":1,"lucky:lucky_bow":1,"minecraft:wooden_sword":1,"minecraft:iron_boots":1,"minecraft:salmon":1,"minecraft:leather_chestplate":1,"minecraft:leather_leggings":1},"minecraft:custom":{"minecraft:inspect_dropper":2,"minecraft:mob_kills":10,"minecraft:inspect_hopper":8,"minecraft:eat_cake_slice":3,"minecraft:leave_game":7,"minecraft:time_since_death":1203,"minecraft:damage_resisted":90,"minecraft:sprint_one_cm":36419,"minecraft:walk_one_cm":55027,"minecraft:drop":16,"minecraft:talked_to_villager":1,"minecraft:deaths":48,"minecraft:sneak_time":15568,"minecraft:walk_under_water_one_cm":18353,"minecraft:jump":308,"minecraft:walk_on_water_one_cm":7326,"minecraft:play_one_minute":77746,"minecraft:time_since_rest":1231,"minecraft:open_enderchest":10,"minecraft:damage_taken":13774,"minecraft:damage_absorbed":48,"minecraft:damage_dealt":3255,"minecraft:swim_one_cm":3444,"minecraft:fly_one_cm":88748,"minecraft:player_kills":14,"minecraft:open_chest":6,"minecraft:crouch_one_cm":51312,"minecraft:fall_one_cm":7550},"minecraft:picked_up":{"minecraft:fishing_rod":1,"minecraft:nether_wart":1,"minecraft:ender_chest":2,"minecraft:allium":1,"minecraft:azure_bluet":3,"minecraft:purple_wool":1,"minecraft:splash_potion":1,"minecraft:iron_trapdoor":2,"minecraft:prismarine_shard":1,"minecraft:rabbit_stew":1,"minecraft:yellow_wool":51,"minecraft:leather_leggings":1,"minecraft:diamond_sword":1,"minecraft:potion":6,"minecraft:enchanted_book":1,"minecraft:heavy_weighted_pressure_plate":1,"minecraft:lapis_block":1,"minecraft:string":5,"lucky:lucky_potion":15,"minecraft:cooked_salmon":2,"minecraft:wooden_sword":2,"minecraft:iron_leggings":2,"minecraft:quartz_slab":3,"minecraft:pufferfish":3,"minecraft:zombie_head":1,"minecraft:magenta_wool":2,"minecraft:blue_orchid":2,"minecraft:oak_sign":1,"minecraft:comparator":3,"minecraft:bucket":3,"minecraft:light_weighted_pressure_plate":2,"minecraft:beef":1,"minecraft:poppy":1,"minecraft:enchanted_golden_apple":5,"minecraft:quartz_stairs":1,"minecraft:chest":1,"minecraft:piston":1,"minecraft:diamond_hoe":1,"minecraft:iron_boots":2,"minecraft:blue_wool":1,"minecraft:lime_wool":5,"minecraft:sandstone":7,"minecraft:oak_fence":8,"minecraft:note_block":1,"minecraft:porkchop":3,"minecraft:cake":1,"minecraft:stone_button":2,"minecraft:cookie":1,"minecraft:carrot":9,"minecraft:redstone":8,"minecraft:prismarine_crystals":1,"minecraft:iron_horse_armor":1,"minecraft:stone_pressure_plate":3,"minecraft:tnt":30,"minecraft:quartz_block":30,"minecraft:rotten_flesh":1,"minecraft:light_blue_wool":5,"minecraft:tropical_fish":1,"minecraft:pumpkin_pie":9,"minecraft:sandstone_stairs":2,"minecraft:green_wool":7,"minecraft:saddle":4,"minecraft:gold_ingot":17,"minecraft:blaze_rod":1,"minecraft:obsidian":8,"minecraft:cod":3,"minecraft:wet_sponge":1,"minecraft:white_wool":3,"minecraft:cobblestone":3,"minecraft:oxeye_daisy":2,"minecraft:leather_chestplate":2,"minecraft:repeater":9,"minecraft:magma_cream":2,"minecraft:golden_carrot":7,"minecraft:tripwire_hook":2,"minecraft:water_bucket":3,"minecraft:salmon":4,"minecraft:leather":1,"minecraft:beacon":4,"minecraft:end_portal_frame":1,"minecraft:potato":9,"minecraft:wither_skeleton_skull":1,"minecraft:lapis_lazuli":21,"lucky:lucky_bow":3,"minecraft:leather_boots":1,"minecraft:bone":3,"minecraft:bow":2,"minecraft:iron_ingot":7,"minecraft:cooked_chicken":2,"minecraft:iron_sword":1,"minecraft:nether_quartz_ore":19,"minecraft:milk_bucket":2,"minecraft:pumpkin":11,"minecraft:daylight_detector":1,"minecraft:quartz":26,"minecraft:dandelion":1,"minecraft:oak_pressure_plate":2,"minecraft:lava_bucket":3,"minecraft:leather_helmet":2,"minecraft:dragon_egg":3,"minecraft:orange_wool":4,"minecraft:sugar":7,"minecraft:diamond":40,"minecraft:slime_block":23,"minecraft:lever":4,"minecraft:iron_helmet":3,"minecraft:diamond_axe":1,"minecraft:golden_apple":4,"minecraft:emerald":18,"minecraft:baked_potato":12,"minecraft:jack_o_lantern":17,"minecraft:black_wool":2,"minecraft:hopper":4,"minecraft:nether_star":1},"minecraft:mined":{"minecraft:oak_pressure_plate":1,"minecraft:fire":2,"minecraft:wet_sponge":1,"lucky:lucky_block":55,"minecraft:oak_fence":7,"minecraft:chest":1,"minecraft:glass":4,"minecraft:slime_block":37,"minecraft:black_stained_glass":1,"minecraft:yellow_wool":26,"minecraft:tnt":12,"minecraft:piston":1},"minecraft:killed_by":{"minecraft:player":20,"minecraft:vindicator":1,"minecraft:blaze":1},"minecraft:used":{"minecraft:oak_fence":2,"minecraft:jack_o_lantern":7,"minecraft:diamond_hoe":1,"minecraft:chest":1,"minecraft:ender_chest":2,"minecraft:iron_sword":1,"minecraft:dragon_egg":2,"minecraft:hopper":4,"minecraft:carrot":1,"minecraft:obsidian":8,"minecraft:lava_bucket":4,"minecraft:quartz_block":21,"minecraft:repeater":1,"minecraft:stone_pressure_plate":1,"minecraft:enchanted_golden_apple":1,"minecraft:pumpkin":11,"minecraft:water_bucket":1,"minecraft:sandstone_stairs":2,"minecraft:baked_potato":1,"minecraft:sandstone":6,"minecraft:redstone_block":1,"minecraft:beacon":2,"minecraft:tnt":12,"minecraft:cod":1,"minecraft:cake":1,"minecraft:piston":1,"minecraft:lever":1,"minecraft:oak_pressure_plate":2,"minecraft:yellow_wool":39,"minecraft:diamond_sword":2,"minecraft:wooden_sword":23,"minecraft:cobblestone":3,"minecraft:bucket":4,"minecraft:repeating_command_block":12},"minecraft:killed":{"minecraft:llama":1,"minecraft:bat":4}},"DataVersion":2586}