{"stats":{"minecraft:custom":{"minecraft:jump":87,"minecraft:time_since_rest":7472,"minecraft:leave_game":1,"minecraft:damage_dealt":0,"minecraft:crouch_one_cm":266,"minecraft:damage_taken":140,"minecraft:sprint_one_cm":6764,"minecraft:play_time":7472,"minecraft:time_since_death":7472,"minecraft:walk_one_cm":4514,"minecraft:sneak_time":416,"minecraft:total_world_time":7472,"minecraft:fall_one_cm":3042,"minecraft:fly_one_cm":22092},"minecraft:mined":{"biomesoplenty:clover":2,"biomesoplenty:huge_clover_petal":8,"zombie_extreme:oil_shale_sand":4,"minecraft:sand":2},"minecraft:picked_up":{"minecraft:sand":2,"zombie_extreme:oil_shale":4}},"DataVersion":3465}