{"stats":{"minecraft:dropped":{"minecraft:potion":2},"minecraft:custom":{"minecraft:time_since_rest":1654,"minecraft:sprint_one_cm":7969,"minecraft:damage_taken":3091,"minecraft:walk_one_cm":15919,"minecraft:mob_kills":4,"minecraft:drop":2,"minecraft:inspect_hopper":1,"minecraft:damage_dealt":2189,"minecraft:swim_one_cm":1029,"minecraft:fly_one_cm":62306,"minecraft:player_kills":7,"minecraft:play_one_minute":41746,"minecraft:crouch_one_cm":12011,"minecraft:deaths":12,"minecraft:sneak_time":3948,"minecraft:walk_under_water_one_cm":416,"minecraft:jump":84,"minecraft:leave_game":7,"minecraft:walk_on_water_one_cm":2670,"minecraft:time_since_death":1616,"minecraft:fall_one_cm":1357},"minecraft:picked_up":{"minecraft:repeater":1,"minecraft:iron_trapdoor":2,"minecraft:tripwire_hook":2,"minecraft:daylight_detector":1,"minecraft:yellow_wool":29,"minecraft:leather":1,"minecraft:oak_fence":4,"minecraft:quartz":26,"minecraft:oak_pressure_plate":1,"minecraft:note_block":1,"minecraft:potion":2,"minecraft:stone_button":2,"minecraft:heavy_weighted_pressure_plate":1,"minecraft:iron_horse_armor":1,"minecraft:stone_pressure_plate":2,"minecraft:wooden_sword":2,"minecraft:tnt":7,"minecraft:quartz_block":9,"minecraft:quartz_slab":3,"minecraft:lever":3,"minecraft:comparator":2,"minecraft:light_weighted_pressure_plate":1,"minecraft:iron_helmet":1,"minecraft:quartz_stairs":1,"minecraft:hopper":4},"minecraft:killed_by":{"minecraft:player":4},"minecraft:mined":{"minecraft:yellow_wool":15,"minecraft:tnt":3,"minecraft:oak_fence":2,"minecraft:glass":1,"lucky:lucky_block":9},"minecraft:used":{"minecraft:oak_pressure_plate":1,"minecraft:redstone_block":1,"minecraft:yellow_wool":29,"minecraft:wooden_sword":22,"minecraft:repeater":1,"minecraft:tnt":4,"minecraft:hopper":4,"minecraft:repeating_command_block":12,"minecraft:stone_pressure_plate":1},"minecraft:killed":{"minecraft:llama":1}},"DataVersion":2586}