{"stats":{"minecraft:crafted":{"minecraft:crafting_table":1,"minecraft:stick":8,"minecraft:wooden_pickaxe":1,"minecraft:stone_pickaxe":1,"minecraft:dark_oak_planks":40,"minecraft:torch":4,"minecraft:stone_axe":1},"minecraft:killed":{"minecraft:horse":2,"minecraft:skeleton":3,"zombie_extreme:revived":2,"minecraft:zombie":4,"minecraft:stray":1,"zombie_extreme:infected_police":1,"zombie_extreme:assasin_black_ops":1,"minecraft:creeper":3,"zombie_extreme:rat_king":1},"minecraft:custom":{"minecraft:time_since_rest":14021,"minecraft:sprint_one_cm":42343,"minecraft:damage_taken":542,"minecraft:walk_one_cm":47582,"minecraft:mob_kills":18,"minecraft:drop":12,"minecraft:minecart_one_cm":86897,"minecraft:damage_dealt":430,"minecraft:damage_dealt_absorbed":80,"minecraft:swim_one_cm":4524,"minecraft:interact_with_crafting_table":3,"minecraft:fly_one_cm":103457,"minecraft:crouch_one_cm":2841,"minecraft:play_time":26124,"minecraft:deaths":2,"minecraft:sneak_time":1624,"minecraft:walk_under_water_one_cm":6256,"minecraft:jump":445,"minecraft:leave_game":1,"minecraft:time_since_death":13991,"minecraft:walk_on_water_one_cm":3769,"minecraft:climb_one_cm":1368,"minecraft:total_world_time":26124,"minecraft:fall_one_cm":8419},"minecraft:used":{"minecraft:stone_pickaxe":12,"minecraft:wooden_pickaxe":18,"minecraft:rotten_flesh":2,"minecraft:stone_axe":22,"marbledsarsenal:fire_axe":17,"minecraft:crafting_table":1,"farmersdelight:egg_sandwich":4,"minecraft:minecart":2},"minecraft:mined":{"minecraft:dark_oak_log":2,"treechop:chopped_log":2,"minecraft:bookshelf":4,"biomesoplenty:clover":2,"minecraft:grass_block":2,"zombie_extreme:oil_shale_sand":4,"minecraft:dirt":4,"minecraft:sand":2,"minecraft:glass":1,"biomesoplenty:huge_clover_petal":8,"minecraft:stone":24},"minecraft:dropped":{"firstaid:bandage":32,"marbledsarsenal:black_plate_carrier_t1":1,"minecraft:minecart":1,"toughasnails:melon_juice":16,"tacz:modern_kinetic_gun":1,"tacz:ammo":240,"farmersdelight:egg_sandwich":64,"marbledsarsenal:fire_axe":1},"minecraft:picked_up":{"minecraft:book":12,"minecraft:dark_oak_sapling":7,"minecraft:stick":5,"minecraft:leather":2,"minecraft:brown_mushroom":3,"pointblank:gunmetal_nugget":25,"minecraft:sand":2,"minecraft:gunpowder":1,"marbledsarsenal:fire_axe":1,"minecraft:dark_oak_log":41,"minecraft:dirt":6,"minecraft:bone":2,"tacz:ammo":222,"minecraft:rotten_flesh":4,"tacz:modern_kinetic_gun":1,"zombie_extreme:oil_shale":4,"minecraft:coal":1,"minecraft:cobblestone":25}},"DataVersion":3465}