{"stats":{"minecraft:killed":{"zombie_extreme:infected_juggernaut":1,"minecraft:frog":1,"minecraft:zombie":2,"minecraft:creeper":2,"zombie_extreme:night_hunter":1,"zombie_extreme:ram":1,"zombie_extreme:faceless":1,"minecraft:stray":3},"minecraft:custom":{"minecraft:open_barrel":2,"minecraft:time_since_rest":19261,"minecraft:open_chest":3,"minecraft:crouch_one_cm":196,"minecraft:play_time":19261,"minecraft:sprint_one_cm":12940,"minecraft:walk_one_cm":20295,"minecraft:sneak_time":263,"minecraft:walk_under_water_one_cm":470,"minecraft:mob_kills":12,"minecraft:drop":1,"minecraft:jump":174,"minecraft:damage_dealt":9,"minecraft:leave_game":1,"minecraft:walk_on_water_one_cm":176,"minecraft:time_since_death":19261,"minecraft:total_world_time":19261,"minecraft:fly_one_cm":95116},"minecraft:used":{"zombie_extreme:vodka":1},"minecraft:dropped":{"tacz:modern_kinetic_gun":1},"minecraft:picked_up":{"minecraft:tipped_arrow":3,"minecraft:arrow":1,"minecraft:bone":1,"minecraft:rotten_flesh":3,"tacz:modern_kinetic_gun":1,"minecraft:potato":1,"pointblank:gunmetal_nugget":8,"minecraft:gunpowder":4,"zombie_extreme:juggernaut_suit_chestplate":1}},"DataVersion":3465}