{"stats":{"minecraft:killed":{"minecraft:spider":1},"minecraft:picked_up":{"pointblank:gunmetal_nugget":4,"minecraft:spider_eye":1,"minecraft:string":2},"minecraft:custom":{"minecraft:jump":11,"minecraft:time_since_rest":4851,"minecraft:damage_dealt":7,"minecraft:crouch_one_cm":21,"minecraft:sprint_one_cm":2984,"minecraft:play_time":4851,"minecraft:time_since_death":4851,"minecraft:walk_one_cm":4630,"minecraft:sneak_time":30,"minecraft:total_world_time":4851,"minecraft:mob_kills":1,"minecraft:fall_one_cm":267,"minecraft:fly_one_cm":28099},"minecraft:used":{"minecraft:birch_planks":1}},"DataVersion":3465}