{"stats":{"minecraft:dropped":{"minecraft:stone_hoe":2,"minecraft:iron_ingot":6,"minecraft:enchanted_book":10,"minecraft:iron_sword":3,"minecraft:cooked_beef":1,"minecraft:baked_potato":17,"minecraft:golden_horse_armor":1,"minecraft:poisonous_potato":18,"minecraft:prismarine_shard":1,"minecraft:iron_helmet":6,"minecraft:cookie":4,"minecraft:iron_horse_armor":2,"minecraft:saddle":3,"minecraft:tropical_fish":1,"minecraft:leather_helmet":1,"minecraft:mushroom_stew":2,"minecraft:stick":1,"minecraft:light_weighted_pressure_plate":1,"minecraft:pufferfish":3,"minecraft:milk_bucket":1,"minecraft:sponge":2,"minecraft:repeater":8,"minecraft:jack_o_lantern":13,"minecraft:cooked_salmon":2,"minecraft:pumpkin":21,"minecraft:potion":3,"minecraft:golden_hoe":2,"minecraft:iron_leggings":1,"minecraft:gold_nugget":2,"lucky:lucky_bow":1,"minecraft:wooden_sword":4,"minecraft:pumpkin_pie":8,"minecraft:chainmail_leggings":1,"minecraft:fishing_rod":1,"minecraft:fermented_spider_eye":4,"minecraft:bucket":1,"minecraft:bone":1,"minecraft:gold_ingot":2,"minecraft:stone_axe":1,"minecraft:player_head":1,"minecraft:stone_sword":1,"minecraft:nether_wart":2,"minecraft:blaze_rod":1,"minecraft:stone_shovel":1,"minecraft:rotten_flesh":3,"minecraft:iron_boots":5,"minecraft:comparator":1,"minecraft:slime_block":42,"minecraft:cooked_mutton":2,"minecraft:oak_sign":2,"minecraft:salmon":4,"minecraft:carrot":8,"minecraft:chainmail_chestplate":1,"minecraft:diamond_sword":2,"minecraft:leather_chestplate":2,"minecraft:heavy_weighted_pressure_plate":1,"minecraft:iron_chestplate":1,"minecraft:wooden_shovel":1,"minecraft:end_portal_frame":1,"minecraft:leather_leggings":1,"minecraft:spider_eye":7,"minecraft:rabbit_stew":5,"minecraft:beacon":1,"minecraft:bow":1,"minecraft:beef":5,"minecraft:stone_pickaxe":1,"minecraft:nether_quartz_ore":19,"lucky:lucky_sword":2,"minecraft:cooked_rabbit":2,"minecraft:quartz_slab":2},"minecraft:custom":{"minecraft:inspect_dropper":4,"minecraft:mob_kills":25,"minecraft:inspect_hopper":8,"minecraft:eat_cake_slice":3,"minecraft:leave_game":7,"minecraft:time_since_death":120,"minecraft:damage_resisted":437,"minecraft:sprint_one_cm":50108,"minecraft:walk_one_cm":75727,"minecraft:drop":122,"minecraft:talked_to_villager":2,"minecraft:deaths":58,"minecraft:sneak_time":18727,"minecraft:walk_under_water_one_cm":23340,"minecraft:jump":470,"minecraft:walk_on_water_one_cm":9470,"minecraft:play_one_minute":89746,"minecraft:time_since_rest":153,"minecraft:open_enderchest":21,"minecraft:damage_taken":17898,"minecraft:damage_absorbed":289,"minecraft:damage_dealt":5898,"minecraft:swim_one_cm":4666,"minecraft:fly_one_cm":107644,"minecraft:player_kills":22,"minecraft:open_chest":12,"minecraft:crouch_one_cm":62833,"minecraft:fall_one_cm":14561,"minecraft:horse_one_cm":2113},"minecraft:picked_up":{"minecraft:fishing_rod":1,"minecraft:iron_chestplate":2,"minecraft:nether_wart":2,"minecraft:ender_chest":2,"minecraft:allium":1,"minecraft:azure_bluet":3,"minecraft:purple_wool":1,"minecraft:splash_potion":4,"minecraft:iron_trapdoor":2,"minecraft:anvil":3,"minecraft:prismarine_shard":2,"minecraft:rabbit_stew":6,"minecraft:yellow_wool":64,"minecraft:leather_leggings":1,"minecraft:diamond_sword":2,"minecraft:cooked_rabbit":2,"minecraft:potion":7,"minecraft:enchanted_book":11,"minecraft:heavy_weighted_pressure_plate":2,"minecraft:lapis_block":1,"minecraft:string":5,"lucky:lucky_potion":43,"minecraft:cooked_salmon":2,"minecraft:wooden_sword":5,"minecraft:iron_leggings":2,"minecraft:quartz_slab":5,"minecraft:pufferfish":4,"minecraft:zombie_head":1,"minecraft:magenta_wool":2,"minecraft:blue_orchid":2,"minecraft:oak_sign":2,"minecraft:gold_nugget":1,"lucky:lucky_sword":4,"minecraft:comparator":3,"minecraft:bucket":3,"minecraft:light_weighted_pressure_plate":2,"minecraft:beef":5,"minecraft:player_head":1,"minecraft:wooden_shovel":2,"minecraft:poppy":9,"minecraft:enchanted_golden_apple":9,"minecraft:quartz_stairs":1,"minecraft:chest":1,"minecraft:piston":1,"minecraft:diamond_hoe":1,"minecraft:iron_boots":6,"minecraft:blue_wool":1,"minecraft:lime_wool":5,"minecraft:stick":1,"minecraft:sandstone":7,"minecraft:jukebox":1,"minecraft:oak_fence":16,"minecraft:note_block":1,"minecraft:porkchop":5,"minecraft:cake":2,"minecraft:stone_button":2,"minecraft:cookie":4,"minecraft:carrot":9,"minecraft:redstone":8,"minecraft:prismarine_crystals":1,"minecraft:iron_horse_armor":3,"minecraft:stone_pressure_plate":3,"minecraft:tnt":30,"minecraft:quartz_block":30,"minecraft:stone_shovel":1,"minecraft:stone_sword":2,"minecraft:arrow":22,"minecraft:rotten_flesh":5,"minecraft:light_blue_wool":5,"minecraft:tropical_fish":2,"minecraft:pumpkin_pie":17,"minecraft:golden_hoe":2,"minecraft:music_disc_ward":1,"minecraft:sandstone_stairs":2,"minecraft:yellow_terracotta":3,"minecraft:green_wool":7,"minecraft:saddle":7,"minecraft:gold_ingot":19,"minecraft:blaze_rod":4,"minecraft:obsidian":13,"minecraft:cod":3,"minecraft:wet_sponge":1,"minecraft:white_wool":3,"minecraft:cobblestone":9,"minecraft:oxeye_daisy":2,"minecraft:sponge":2,"minecraft:enchanting_table":1,"minecraft:leather_chestplate":2,"minecraft:cooked_beef":1,"minecraft:repeater":9,"minecraft:magma_cream":2,"minecraft:golden_carrot":7,"minecraft:tripwire_hook":2,"minecraft:water_bucket":4,"minecraft:salmon":6,"minecraft:leather":1,"minecraft:beacon":5,"minecraft:end_portal_frame":1,"minecraft:potato":37,"minecraft:mushroom_stew":3,"minecraft:chainmail_chestplate":1,"minecraft:cobblestone_stairs":7,"minecraft:wither_skeleton_skull":1,"minecraft:lapis_lazuli":30,"lucky:lucky_bow":3,"minecraft:cooked_mutton":2,"minecraft:leather_boots":1,"minecraft:bone":4,"minecraft:bow":3,"minecraft:iron_ingot":23,"minecraft:stone_pickaxe":1,"minecraft:cooked_chicken":2,"minecraft:stone_hoe":2,"minecraft:iron_sword":3,"minecraft:nether_quartz_ore":19,"minecraft:milk_bucket":3,"minecraft:music_disc_13":1,"minecraft:pumpkin":32,"minecraft:daylight_detector":1,"minecraft:quartz":26,"minecraft:dandelion":6,"minecraft:oak_pressure_plate":2,"minecraft:poisonous_potato":18,"minecraft:dropper":8,"minecraft:lava_bucket":3,"minecraft:fermented_spider_eye":4,"minecraft:spider_eye":7,"minecraft:leather_helmet":2,"minecraft:dragon_egg":5,"minecraft:orange_wool":4,"minecraft:sugar":7,"minecraft:stone_axe":1,"minecraft:diamond":40,"minecraft:slime_block":50,"minecraft:lever":4,"minecraft:chainmail_leggings":1,"minecraft:iron_helmet":8,"minecraft:diamond_axe":1,"minecraft:painting":3,"minecraft:golden_apple":4,"minecraft:golden_horse_armor":1,"minecraft:emerald":18,"minecraft:baked_potato":24,"minecraft:jack_o_lantern":41,"minecraft:black_wool":2,"minecraft:hopper":4,"minecraft:nether_star":1},"minecraft:mined":{"minecraft:oak_pressure_plate":1,"minecraft:fire":8,"minecraft:wet_sponge":1,"lucky:lucky_block":96,"minecraft:oak_fence":7,"minecraft:chest":1,"minecraft:glass":4,"minecraft:slime_block":43,"minecraft:black_stained_glass":1,"minecraft:yellow_wool":26,"minecraft:tnt":12,"minecraft:piston":1},"minecraft:killed_by":{"minecraft:player":21,"minecraft:creeper":1,"minecraft:spider":1,"minecraft:vindicator":1,"minecraft:blaze":1},"minecraft:used":{"minecraft:oak_fence":2,"minecraft:jack_o_lantern":28,"minecraft:diamond_hoe":1,"minecraft:chest":1,"minecraft:ender_chest":2,"minecraft:iron_sword":1,"minecraft:dragon_egg":4,"minecraft:anvil":3,"minecraft:hopper":4,"minecraft:carrot":1,"minecraft:obsidian":8,"minecraft:lava_bucket":4,"minecraft:quartz_block":21,"minecraft:repeater":1,"minecraft:stone_pressure_plate":1,"lucky:lucky_potion":38,"minecraft:enchanted_golden_apple":1,"minecraft:pumpkin":11,"minecraft:water_bucket":1,"minecraft:sandstone_stairs":2,"minecraft:dropper":8,"minecraft:baked_potato":3,"minecraft:sandstone":6,"minecraft:redstone_block":1,"lucky:lucky_sword":58,"minecraft:beacon":2,"minecraft:yellow_terracotta":3,"minecraft:tnt":12,"minecraft:cod":1,"minecraft:cake":2,"minecraft:piston":1,"minecraft:lever":1,"minecraft:oak_pressure_plate":2,"minecraft:yellow_wool":47,"minecraft:diamond_sword":7,"minecraft:wooden_sword":26,"minecraft:cobblestone":4,"minecraft:bucket":4,"minecraft:repeating_command_block":12,"minecraft:enchanting_table":1,"minecraft:stone_sword":4},"minecraft:killed":{"minecraft:skeleton":4,"minecraft:guardian":1,"minecraft:chicken":2,"minecraft:llama":1,"minecraft:rabbit":1,"minecraft:bat":5}},"DataVersion":2586}