{"stats":{"minecraft:dropped":{"minecraft:stone_hoe":2,"minecraft:iron_ingot":6,"minecraft:enchanted_book":15,"minecraft:iron_sword":3,"minecraft:lapis_lazuli":13,"minecraft:oak_pressure_plate":6,"minecraft:cooked_beef":1,"minecraft:baked_potato":21,"minecraft:golden_horse_armor":1,"minecraft:cyan_dye":6,"minecraft:poisonous_potato":35,"minecraft:prismarine_shard":1,"minecraft:oak_fence":7,"minecraft:iron_helmet":6,"minecraft:cookie":4,"minecraft:iron_horse_armor":2,"minecraft:saddle":5,"minecraft:tropical_fish":1,"minecraft:cobblestone_stairs":8,"minecraft:leather_helmet":1,"minecraft:mushroom_stew":3,"minecraft:stick":1,"minecraft:light_weighted_pressure_plate":1,"minecraft:pufferfish":3,"minecraft:milk_bucket":1,"minecraft:dispenser":1,"minecraft:sponge":2,"minecraft:green_dye":10,"minecraft:yellow_dye":3,"minecraft:repeater":8,"minecraft:jack_o_lantern":13,"minecraft:cooked_salmon":2,"minecraft:music_disc_ward":1,"minecraft:pumpkin":21,"minecraft:potion":4,"minecraft:golden_hoe":2,"minecraft:iron_leggings":2,"minecraft:gold_nugget":4,"lucky:lucky_bow":1,"minecraft:wooden_sword":4,"minecraft:pumpkin_pie":8,"minecraft:red_dye":4,"minecraft:string":13,"minecraft:chainmail_leggings":1,"minecraft:fishing_rod":1,"minecraft:fermented_spider_eye":4,"minecraft:bucket":2,"minecraft:bone":1,"minecraft:gold_ingot":4,"minecraft:stone_axe":1,"minecraft:lever":2,"minecraft:player_head":1,"minecraft:stone_sword":1,"minecraft:nether_wart":2,"minecraft:blaze_rod":1,"minecraft:jukebox":1,"minecraft:pink_dye":5,"minecraft:stone_shovel":1,"minecraft:rotten_flesh":3,"minecraft:iron_boots":5,"minecraft:comparator":1,"minecraft:slime_block":42,"minecraft:prismarine":2,"minecraft:ender_eye":4,"minecraft:cooked_mutton":2,"minecraft:oak_sign":2,"minecraft:salmon":4,"minecraft:carrot":8,"minecraft:chainmail_chestplate":1,"minecraft:potato":34,"minecraft:diamond_sword":2,"minecraft:leather_chestplate":2,"minecraft:heavy_weighted_pressure_plate":1,"minecraft:iron_chestplate":1,"minecraft:quartz_block":10,"minecraft:wooden_shovel":2,"minecraft:end_portal_frame":2,"minecraft:leather_leggings":1,"minecraft:stone_pressure_plate":2,"minecraft:spider_eye":11,"minecraft:painting":3,"minecraft:arrow":2,"minecraft:light_gray_dye":2,"minecraft:rabbit_stew":6,"minecraft:beacon":1,"minecraft:bow":1,"minecraft:beef":5,"minecraft:stone_pickaxe":1,"minecraft:nether_quartz_ore":19,"minecraft:ghast_tear":2,"minecraft:quartz":80,"lucky:lucky_sword":2,"minecraft:cooked_rabbit":2,"minecraft:quartz_slab":8},"minecraft:custom":{"minecraft:inspect_dropper":4,"minecraft:mob_kills":28,"minecraft:inspect_hopper":8,"minecraft:eat_cake_slice":3,"minecraft:leave_game":7,"minecraft:time_since_death":1955,"minecraft:damage_resisted":668,"minecraft:sprint_one_cm":63323,"minecraft:walk_one_cm":92848,"minecraft:drop":179,"minecraft:talked_to_villager":2,"minecraft:deaths":64,"minecraft:sneak_time":20987,"minecraft:walk_under_water_one_cm":35923,"minecraft:jump":628,"minecraft:walk_on_water_one_cm":15486,"minecraft:play_one_minute":101746,"minecraft:time_since_rest":2010,"minecraft:open_enderchest":35,"minecraft:damage_taken":21795,"minecraft:damage_absorbed":770,"minecraft:damage_dealt":6395,"minecraft:swim_one_cm":16711,"minecraft:fly_one_cm":166216,"minecraft:player_kills":24,"minecraft:open_chest":21,"minecraft:crouch_one_cm":67638,"minecraft:interact_with_anvil":1,"minecraft:fall_one_cm":20147,"minecraft:horse_one_cm":2113},"minecraft:picked_up":{"minecraft:fishing_rod":1,"minecraft:iron_chestplate":2,"minecraft:nether_wart":2,"minecraft:ender_chest":2,"minecraft:allium":1,"minecraft:azure_bluet":3,"minecraft:purple_wool":1,"minecraft:splash_potion":4,"minecraft:iron_trapdoor":2,"minecraft:anvil":4,"minecraft:prismarine_shard":2,"minecraft:rabbit_stew":6,"minecraft:yellow_wool":66,"minecraft:leather_leggings":1,"minecraft:diamond_sword":2,"minecraft:cooked_rabbit":2,"minecraft:potion":8,"minecraft:enchanted_book":17,"minecraft:heavy_weighted_pressure_plate":2,"minecraft:lapis_block":1,"minecraft:string":19,"lucky:lucky_potion":43,"minecraft:cooked_salmon":2,"minecraft:wooden_sword":5,"minecraft:iron_leggings":2,"minecraft:sticky_piston":1,"minecraft:quartz_slab":17,"minecraft:pufferfish":4,"minecraft:zombie_head":1,"minecraft:magenta_wool":2,"minecraft:blue_orchid":2,"minecraft:oak_sign":2,"minecraft:diamond_leggings":2,"minecraft:gold_nugget":4,"lucky:lucky_sword":5,"minecraft:comparator":3,"minecraft:bucket":3,"minecraft:light_weighted_pressure_plate":2,"minecraft:beef":5,"minecraft:red_dye":4,"minecraft:ender_eye":6,"minecraft:player_head":1,"minecraft:wooden_shovel":2,"minecraft:poppy":17,"minecraft:enchanted_golden_apple":11,"minecraft:quartz_stairs":2,"minecraft:chest":1,"minecraft:piston":5,"minecraft:diamond_hoe":1,"minecraft:iron_boots":6,"minecraft:blue_wool":1,"minecraft:golden_helmet":1,"minecraft:lime_wool":5,"minecraft:stick":1,"minecraft:sandstone":7,"minecraft:jukebox":1,"minecraft:oak_fence":17,"minecraft:golden_axe":1,"minecraft:note_block":1,"minecraft:porkchop":5,"minecraft:cake":2,"minecraft:stone_button":2,"minecraft:cookie":4,"minecraft:carrot":9,"minecraft:redstone":8,"minecraft:prismarine_crystals":1,"minecraft:iron_horse_armor":3,"minecraft:stone_pressure_plate":7,"minecraft:tnt":34,"minecraft:quartz_block":40,"minecraft:stone_shovel":1,"minecraft:stone_sword":2,"minecraft:arrow":22,"minecraft:rotten_flesh":5,"minecraft:light_blue_wool":5,"minecraft:tropical_fish":2,"minecraft:pumpkin_pie":17,"minecraft:golden_hoe":2,"minecraft:music_disc_ward":1,"minecraft:diamond_boots":1,"minecraft:sandstone_stairs":2,"minecraft:yellow_terracotta":3,"minecraft:green_wool":7,"minecraft:saddle":9,"minecraft:gold_ingot":21,"minecraft:blaze_rod":6,"minecraft:obsidian":13,"minecraft:cod":4,"minecraft:wet_sponge":1,"minecraft:white_wool":3,"minecraft:cobblestone":10,"minecraft:oxeye_daisy":2,"minecraft:sponge":2,"minecraft:enchanting_table":1,"minecraft:leather_chestplate":2,"minecraft:cooked_beef":1,"minecraft:repeater":9,"minecraft:magma_cream":2,"minecraft:golden_carrot":7,"minecraft:tripwire_hook":2,"minecraft:water_bucket":4,"minecraft:salmon":7,"minecraft:yellow_dye":3,"minecraft:leather":1,"minecraft:beacon":5,"minecraft:end_portal_frame":2,"minecraft:potato":45,"minecraft:mushroom_stew":3,"minecraft:light_gray_dye":2,"minecraft:chainmail_chestplate":1,"minecraft:cobblestone_stairs":8,"minecraft:wither_skeleton_skull":1,"minecraft:lapis_lazuli":30,"lucky:lucky_bow":3,"minecraft:cooked_mutton":2,"minecraft:leather_boots":1,"minecraft:bone":4,"minecraft:bow":3,"minecraft:rabbit_hide":1,"minecraft:iron_ingot":28,"minecraft:stone_pickaxe":1,"minecraft:cooked_chicken":2,"minecraft:prismarine":2,"minecraft:stone_hoe":2,"minecraft:iron_sword":3,"minecraft:green_dye":10,"minecraft:ghast_tear":2,"minecraft:nether_quartz_ore":19,"minecraft:milk_bucket":3,"minecraft:music_disc_13":1,"minecraft:pumpkin":32,"minecraft:daylight_detector":1,"minecraft:quartz":142,"minecraft:dandelion":19,"minecraft:oak_pressure_plate":8,"minecraft:poisonous_potato":35,"minecraft:dropper":8,"minecraft:lava_bucket":3,"minecraft:fermented_spider_eye":4,"minecraft:spider_eye":11,"minecraft:leather_helmet":2,"minecraft:dragon_egg":7,"minecraft:orange_wool":4,"minecraft:dispenser":2,"minecraft:diamond_shovel":1,"minecraft:sugar":7,"minecraft:stone_axe":1,"minecraft:diamond":45,"minecraft:slime_block":50,"minecraft:lever":6,"minecraft:chainmail_leggings":1,"minecraft:iron_helmet":8,"minecraft:granite":4,"minecraft:diamond_axe":2,"minecraft:painting":3,"minecraft:golden_apple":4,"minecraft:golden_horse_armor":1,"minecraft:emerald":18,"minecraft:cyan_dye":6,"minecraft:coal":1,"minecraft:baked_potato":65,"minecraft:jack_o_lantern":41,"minecraft:pink_dye":5,"minecraft:black_wool":2,"minecraft:ender_pearl":3,"minecraft:hopper":4,"minecraft:nether_star":1},"minecraft:crafted":{"minecraft:quartz_block":9},"minecraft:mined":{"minecraft:oak_pressure_plate":1,"minecraft:fire":9,"minecraft:wet_sponge":1,"lucky:lucky_block":145,"minecraft:oak_fence":7,"minecraft:chest":1,"minecraft:glass":4,"minecraft:slime_block":43,"minecraft:black_stained_glass":1,"minecraft:yellow_wool":28,"minecraft:tnt":12,"minecraft:piston":1},"minecraft:killed_by":{"minecraft:player":22,"minecraft:creeper":2,"minecraft:spider":1,"minecraft:magma_cube":2,"minecraft:vindicator":1,"minecraft:rabbit":1,"minecraft:blaze":1},"minecraft:broken":{"minecraft:iron_chestplate":1,"minecraft:iron_helmet":1},"minecraft:used":{"minecraft:oak_fence":4,"minecraft:jack_o_lantern":28,"minecraft:diamond_hoe":1,"minecraft:chest":1,"minecraft:ender_chest":2,"minecraft:iron_sword":1,"minecraft:quartz_stairs":1,"minecraft:dragon_egg":4,"minecraft:anvil":4,"minecraft:hopper":4,"minecraft:carrot":1,"minecraft:granite":4,"minecraft:obsidian":12,"minecraft:lava_bucket":4,"minecraft:quartz_block":30,"minecraft:repeater":1,"minecraft:stone_pressure_plate":1,"lucky:lucky_potion":43,"minecraft:golden_axe":19,"minecraft:enchanted_golden_apple":4,"minecraft:pumpkin":11,"minecraft:water_bucket":5,"minecraft:sandstone_stairs":2,"minecraft:dropper":8,"minecraft:baked_potato":3,"minecraft:sandstone":6,"minecraft:redstone_block":1,"lucky:lucky_sword":73,"minecraft:beacon":2,"minecraft:yellow_terracotta":3,"minecraft:tnt":16,"minecraft:cod":1,"minecraft:cake":2,"minecraft:ender_eye":2,"minecraft:sticky_piston":1,"minecraft:piston":5,"minecraft:lever":1,"minecraft:oak_pressure_plate":2,"minecraft:yellow_wool":54,"minecraft:diamond_sword":7,"minecraft:wooden_sword":26,"minecraft:cobblestone":10,"minecraft:bucket":7,"minecraft:repeating_command_block":12,"minecraft:splash_potion":4,"minecraft:enchanting_table":1,"minecraft:stone_sword":4},"minecraft:killed":{"minecraft:skeleton":4,"minecraft:guardian":1,"minecraft:chicken":2,"minecraft:llama":1,"minecraft:magma_cube":2,"minecraft:rabbit":1,"minecraft:bat":5,"minecraft:wither_skeleton":1}},"DataVersion":2586}