{"stats":{"minecraft:broken":{"toughasnails:wool_helmet":1},"minecraft:killed":{"minecraft:spider":1,"sanitydim:rotting_stalker":1,"minecraft:zombie":11,"hordes:zombie_player":1,"minecraft:zombie_villager":2},"minecraft:picked_up":{"minecraft:lingering_potion":1,"toughasnails:melon_juice":14,"minecraft:rotten_flesh":1,"toughasnails:wool_leggings":1,"minecraft:campfire":64,"pointblank:gunmetal_nugget":7,"minecraft:glass_bottle":2,"toughasnails:wool_chestplate":1,"toughasnails:wool_boots":1,"minecraft:spider_eye":1,"minecraft:string":2},"minecraft:custom":{"minecraft:time_since_rest":6077,"minecraft:crouch_one_cm":752,"minecraft:play_time":28851,"minecraft:sprint_one_cm":33309,"minecraft:deaths":1,"minecraft:damage_taken":194,"minecraft:walk_one_cm":27289,"minecraft:sneak_time":482,"minecraft:mob_kills":17,"minecraft:drop":2,"minecraft:jump":336,"minecraft:damage_dealt":5254,"minecraft:time_since_death":6048,"minecraft:total_world_time":28851,"minecraft:interact_with_crafting_table":2,"minecraft:fall_one_cm":954,"minecraft:fly_one_cm":175644},"minecraft:dropped":{"minecraft:birch_planks":1,"artifacts:running_shoes":1},"minecraft:used":{"minecraft:wooden_sword":2,"toughasnails:melon_juice":3,"minecraft:birch_planks":1,"minecraft:grass_block":18,"pointblank:printer":1,"tacz:gun_smith_table":1,"minecraft:campfire":1,"minecraft:lingering_potion":13,"zombie_extreme:wire":1}},"DataVersion":3465}