{"stats":{"minecraft:dropped":{"minecraft:light_weighted_pressure_plate":1,"minecraft:potion":2,"lucky:lucky_bow":1},"minecraft:custom":{"minecraft:inspect_dropper":2,"minecraft:mob_kills":9,"minecraft:inspect_hopper":8,"minecraft:play_one_minute":65746,"minecraft:eat_cake_slice":3,"minecraft:leave_game":7,"minecraft:time_since_death":0,"minecraft:damage_resisted":90,"minecraft:time_since_rest":3015,"minecraft:open_enderchest":1,"minecraft:sprint_one_cm":22414,"minecraft:damage_absorbed":48,"minecraft:damage_taken":10784,"minecraft:walk_one_cm":44397,"minecraft:drop":4,"minecraft:damage_dealt":2916,"minecraft:swim_one_cm":1298,"minecraft:fly_one_cm":76141,"minecraft:player_kills":11,"minecraft:open_chest":3,"minecraft:crouch_one_cm":38971,"minecraft:deaths":38,"minecraft:sneak_time":11762,"minecraft:walk_under_water_one_cm":6309,"minecraft:jump":228,"minecraft:walk_on_water_one_cm":3613,"minecraft:fall_one_cm":4289},"minecraft:picked_up":{"minecraft:allium":1,"minecraft:azure_bluet":3,"minecraft:purple_wool":1,"minecraft:ender_chest":2,"minecraft:repeater":1,"minecraft:iron_trapdoor":2,"minecraft:prismarine_shard":1,"minecraft:tripwire_hook":2,"minecraft:water_bucket":2,"minecraft:salmon":1,"minecraft:yellow_wool":51,"minecraft:leather":1,"minecraft:beacon":2,"minecraft:potion":5,"minecraft:wither_skeleton_skull":1,"minecraft:heavy_weighted_pressure_plate":1,"minecraft:lapis_block":1,"minecraft:lapis_lazuli":21,"minecraft:string":5,"lucky:lucky_bow":1,"minecraft:wooden_sword":2,"minecraft:zombie_head":1,"minecraft:leather_boots":1,"minecraft:quartz_slab":3,"minecraft:bone":3,"minecraft:pufferfish":2,"minecraft:magenta_wool":2,"minecraft:blue_orchid":2,"minecraft:bow":1,"minecraft:comparator":2,"minecraft:bucket":2,"minecraft:light_weighted_pressure_plate":2,"minecraft:iron_ingot":7,"minecraft:poppy":1,"minecraft:enchanted_golden_apple":4,"minecraft:chest":1,"minecraft:quartz_stairs":1,"minecraft:piston":1,"minecraft:diamond_hoe":1,"minecraft:blue_wool":1,"minecraft:lime_wool":5,"minecraft:milk_bucket":2,"minecraft:sandstone":7,"minecraft:daylight_detector":1,"minecraft:oak_fence":8,"minecraft:dandelion":1,"minecraft:quartz":26,"minecraft:oak_pressure_plate":2,"minecraft:note_block":1,"minecraft:lava_bucket":2,"minecraft:cake":1,"minecraft:stone_button":2,"minecraft:prismarine_crystals":1,"minecraft:carrot":1,"minecraft:redstone":8,"minecraft:dragon_egg":1,"minecraft:orange_wool":4,"minecraft:stone_pressure_plate":3,"minecraft:iron_horse_armor":1,"minecraft:leather_helmet":1,"minecraft:tnt":30,"minecraft:quartz_block":9,"minecraft:rotten_flesh":1,"minecraft:light_blue_wool":5,"minecraft:diamond":28,"minecraft:tropical_fish":1,"minecraft:slime_block":8,"minecraft:pumpkin_pie":7,"minecraft:lever":3,"minecraft:iron_helmet":1,"minecraft:sandstone_stairs":2,"minecraft:diamond_axe":1,"minecraft:saddle":2,"minecraft:golden_apple":4,"minecraft:green_wool":7,"minecraft:gold_ingot":14,"minecraft:emerald":17,"minecraft:black_wool":2,"minecraft:cobblestone":3,"minecraft:nether_star":1,"minecraft:cod":3,"minecraft:white_wool":3,"minecraft:hopper":4,"minecraft:oxeye_daisy":2,"minecraft:wet_sponge":1},"minecraft:mined":{"minecraft:oak_fence":7,"minecraft:chest":1,"minecraft:glass":4,"minecraft:oak_pressure_plate":1,"minecraft:slime_block":24,"minecraft:yellow_wool":26,"minecraft:fire":2,"minecraft:tnt":6,"minecraft:wet_sponge":1,"lucky:lucky_block":38,"minecraft:piston":1},"minecraft:killed_by":{"minecraft:vindicator":1,"minecraft:player":17,"minecraft:blaze":1},"minecraft:used":{"minecraft:oak_fence":2,"minecraft:water_bucket":1,"minecraft:sandstone_stairs":2,"minecraft:diamond_hoe":1,"minecraft:chest":1,"minecraft:ender_chest":2,"minecraft:sandstone":6,"minecraft:redstone_block":1,"minecraft:beacon":1,"minecraft:dragon_egg":1,"minecraft:tnt":7,"minecraft:hopper":4,"minecraft:carrot":1,"minecraft:cod":1,"minecraft:cake":1,"minecraft:piston":1,"minecraft:lava_bucket":4,"minecraft:oak_pressure_plate":2,"minecraft:yellow_wool":39,"minecraft:repeater":1,"minecraft:wooden_sword":22,"minecraft:cobblestone":3,"minecraft:bucket":4,"minecraft:repeating_command_block":12,"minecraft:stone_pressure_plate":1,"minecraft:enchanted_golden_apple":1},"minecraft:killed":{"minecraft:bat":4,"minecraft:llama":1}},"DataVersion":2586}