{"stats":{"minecraft:mined":{"minecraft:yellow_wool":6,"lucky:lucky_block":8},"minecraft:killed_by":{"minecraft:player":3},"minecraft:custom":{"minecraft:time_since_rest":808,"minecraft:crouch_one_cm":4046,"minecraft:play_one_minute":36042,"minecraft:sprint_one_cm":641,"minecraft:deaths":9,"minecraft:damage_taken":2269,"minecraft:walk_one_cm":1785,"minecraft:sneak_time":1682,"minecraft:drop":2,"minecraft:jump":26,"minecraft:damage_dealt":167,"minecraft:leave_game":7,"minecraft:time_since_death":777,"minecraft:fly_one_cm":59648,"minecraft:player_kills":3},"minecraft:used":{"minecraft:yellow_wool":1,"minecraft:repeating_command_block":12,"minecraft:redstone_block":1},"minecraft:dropped":{"minecraft:potion":2},"minecraft:picked_up":{"minecraft:quartz_block":9,"minecraft:quartz_slab":3,"minecraft:yellow_wool":5,"minecraft:quartz":26,"minecraft:iron_helmet":1,"minecraft:potion":2,"minecraft:quartz_stairs":1,"minecraft:iron_horse_armor":1}},"DataVersion":2586}