{"stats":{"minecraft:killed":{"minecraft:spider":1},"minecraft:picked_up":{"pointblank:gunmetal_nugget":4,"minecraft:spider_eye":1,"minecraft:string":2},"minecraft:custom":{"minecraft:jump":168,"minecraft:time_since_rest":16851,"minecraft:damage_dealt":7,"minecraft:crouch_one_cm":21,"minecraft:sprint_one_cm":13475,"minecraft:play_time":16851,"minecraft:time_since_death":16851,"minecraft:walk_one_cm":9414,"minecraft:sneak_time":53,"minecraft:total_world_time":16851,"minecraft:mob_kills":1,"minecraft:fall_one_cm":267,"minecraft:fly_one_cm":70123},"minecraft:used":{"zombie_extreme:wire":1,"minecraft:birch_planks":1}},"DataVersion":3465}