{"stats":{"minecraft:dropped":{"minecraft:light_weighted_pressure_plate":1,"minecraft:potion":2,"lucky:lucky_bow":1},"minecraft:custom":{"minecraft:inspect_dropper":2,"minecraft:mob_kills":4,"minecraft:inspect_hopper":8,"minecraft:play_one_minute":53746,"minecraft:eat_cake_slice":3,"minecraft:leave_game":7,"minecraft:time_since_death":88,"minecraft:time_since_rest":119,"minecraft:sprint_one_cm":15122,"minecraft:damage_taken":7274,"minecraft:walk_one_cm":30223,"minecraft:drop":4,"minecraft:damage_dealt":2451,"minecraft:swim_one_cm":1298,"minecraft:fly_one_cm":67106,"minecraft:player_kills":10,"minecraft:crouch_one_cm":31557,"minecraft:deaths":27,"minecraft:sneak_time":9240,"minecraft:walk_under_water_one_cm":3216,"minecraft:jump":155,"minecraft:walk_on_water_one_cm":3436,"minecraft:fall_one_cm":3367},"minecraft:picked_up":{"minecraft:allium":1,"minecraft:azure_bluet":3,"minecraft:purple_wool":1,"minecraft:repeater":1,"minecraft:iron_trapdoor":2,"minecraft:tripwire_hook":2,"minecraft:salmon":1,"minecraft:yellow_wool":51,"minecraft:leather":1,"minecraft:potion":2,"minecraft:heavy_weighted_pressure_plate":1,"minecraft:lapis_lazuli":16,"lucky:lucky_bow":1,"minecraft:wooden_sword":2,"minecraft:quartz_slab":3,"minecraft:pufferfish":1,"minecraft:magenta_wool":2,"minecraft:blue_orchid":2,"minecraft:comparator":2,"minecraft:light_weighted_pressure_plate":2,"minecraft:iron_ingot":6,"minecraft:poppy":1,"minecraft:quartz_stairs":1,"minecraft:piston":1,"minecraft:diamond_hoe":1,"minecraft:blue_wool":1,"minecraft:lime_wool":5,"minecraft:daylight_detector":1,"minecraft:oak_fence":6,"minecraft:dandelion":1,"minecraft:quartz":26,"minecraft:oak_pressure_plate":2,"minecraft:note_block":1,"minecraft:cake":1,"minecraft:stone_button":2,"minecraft:redstone":8,"minecraft:orange_wool":4,"minecraft:stone_pressure_plate":3,"minecraft:iron_horse_armor":1,"minecraft:leather_helmet":1,"minecraft:tnt":22,"minecraft:quartz_block":9,"minecraft:rotten_flesh":1,"minecraft:light_blue_wool":5,"minecraft:diamond":26,"minecraft:tropical_fish":1,"minecraft:slime_block":8,"minecraft:pumpkin_pie":7,"minecraft:lever":3,"minecraft:iron_helmet":1,"minecraft:diamond_axe":1,"minecraft:green_wool":7,"minecraft:gold_ingot":12,"minecraft:emerald":13,"minecraft:black_wool":2,"minecraft:cod":3,"minecraft:white_wool":3,"minecraft:hopper":4,"minecraft:oxeye_daisy":2,"minecraft:wet_sponge":1},"minecraft:mined":{"minecraft:oak_fence":5,"minecraft:glass":3,"minecraft:oak_pressure_plate":1,"minecraft:slime_block":24,"minecraft:yellow_wool":26,"minecraft:tnt":3,"minecraft:wet_sponge":1,"lucky:lucky_block":23,"minecraft:piston":1},"minecraft:killed_by":{"minecraft:player":13},"minecraft:used":{"minecraft:diamond_hoe":1,"minecraft:redstone_block":1,"minecraft:tnt":4,"minecraft:hopper":4,"minecraft:cod":1,"minecraft:cake":1,"minecraft:piston":1,"minecraft:oak_pressure_plate":2,"minecraft:yellow_wool":39,"minecraft:repeater":1,"minecraft:wooden_sword":22,"minecraft:repeating_command_block":12,"minecraft:stone_pressure_plate":1},"minecraft:killed":{"minecraft:llama":1}},"DataVersion":2586}