{"stats":{"minecraft:crafted":{"minecraft:crafting_table":1,"minecraft:wooden_pickaxe":1,"minecraft:stone_axe":1,"minecraft:stick":8,"minecraft:stone_pickaxe":1,"minecraft:dark_oak_planks":40,"minecraft:torch":4},"minecraft:killed":{"zombie_extreme:infected":1,"minecraft:spider":3,"minecraft:creeper":3,"minecraft:horse":2,"minecraft:skeleton":10,"zombie_extreme:revived":2,"minecraft:zombie":4,"minecraft:stray":1,"zombie_extreme:infected_police":1,"minecraft:silverfish":2,"zombie_extreme:assasin_black_ops":3,"zombie_extreme:rat_king":1},"minecraft:custom":{"minecraft:interact_with_furnace":13,"minecraft:mob_kills":33,"minecraft:interact_with_crafting_table":3,"minecraft:leave_game":2,"minecraft:time_since_death":28941,"minecraft:climb_one_cm":2092,"minecraft:time_since_rest":28971,"minecraft:sprint_one_cm":72974,"minecraft:damage_taken":1066,"minecraft:walk_one_cm":91526,"minecraft:drop":13,"minecraft:minecart_one_cm":86897,"minecraft:damage_dealt":510,"minecraft:swim_one_cm":6114,"minecraft:damage_dealt_absorbed":80,"minecraft:fly_one_cm":141846,"minecraft:open_chest":10,"minecraft:crouch_one_cm":4043,"minecraft:play_time":41074,"minecraft:deaths":2,"minecraft:sneak_time":2051,"minecraft:walk_under_water_one_cm":10887,"minecraft:jump":691,"minecraft:walk_on_water_one_cm":9563,"minecraft:total_world_time":41074,"minecraft:fall_one_cm":13946},"minecraft:used":{"minecraft:stone_pickaxe":16,"minecraft:wooden_pickaxe":18,"minecraft:rotten_flesh":2,"minecraft:torch":3,"minecraft:crafting_table":1,"minecraft:apple":1,"minecraft:stone_axe":80,"marbledsarsenal:fire_axe":18,"farmersdelight:egg_sandwich":10,"toughasnails:melon_juice":4,"minecraft:minecart":2},"minecraft:mined":{"minecraft:infested_stone_bricks":1,"minecraft:dark_oak_log":4,"minecraft:gray_stained_glass_pane":1,"minecraft:grass_block":2,"minecraft:glass":1,"biomesoplenty:huge_clover_petal":8,"treechop:chopped_log":6,"minecraft:smooth_stone_slab":1,"biomesoplenty:clover":2,"minecraft:grass":1,"minecraft:bookshelf":8,"zombie_extreme:oil_shale_sand":4,"minecraft:sand":2,"minecraft:dirt":4,"minecraft:stone":24},"minecraft:dropped":{"marbledsarsenal:black_plate_carrier_t1":1,"minecraft:minecart":1,"marbledsarsenal:fire_axe":1,"firstaid:bandage":32,"toughasnails:melon_juice":16,"tacz:modern_kinetic_gun":1,"tacz:ammo":295,"farmersdelight:egg_sandwich":64},"minecraft:picked_up":{"minecraft:crafting_table":1,"minecraft:leather":2,"minecraft:brown_mushroom":8,"minecraft:wooden_pickaxe":1,"minecraft:gunpowder":1,"minecraft:cobblestone_wall":1,"minecraft:dirt":6,"tacz:ammo":222,"minecraft:bone":5,"minecraft:apple":1,"zombie_extreme:oil_shale":4,"minecraft:book":24,"minecraft:dark_oak_sapling":18,"minecraft:stick":16,"minecraft:sand":2,"pointblank:gunmetal_nugget":34,"marbledsarsenal:fire_axe":1,"minecraft:dark_oak_log":136,"minecraft:spider_eye":1,"minecraft:arrow":1,"minecraft:rotten_flesh":4,"tacz:modern_kinetic_gun":1,"minecraft:coal":1,"minecraft:cobblestone":25}},"DataVersion":3465}