{"stats":{"minecraft:killed":{"zombie_extreme:revived":2,"minecraft:skeleton":1,"minecraft:horse":2,"zombie_extreme:assasin_black_ops":1,"minecraft:zombie":4,"minecraft:creeper":2,"zombie_extreme:rat_king":1,"minecraft:stray":1},"minecraft:custom":{"minecraft:time_since_rest":2021,"minecraft:crouch_one_cm":520,"minecraft:sprint_one_cm":19984,"minecraft:play_time":14124,"minecraft:walk_one_cm":20530,"minecraft:damage_taken":265,"minecraft:deaths":2,"minecraft:sneak_time":573,"minecraft:walk_under_water_one_cm":5877,"minecraft:mob_kills":14,"minecraft:drop":4,"minecraft:jump":214,"minecraft:damage_dealt":420,"minecraft:leave_game":1,"minecraft:walk_on_water_one_cm":3649,"minecraft:time_since_death":1991,"minecraft:total_world_time":14124,"minecraft:damage_dealt_absorbed":80,"minecraft:swim_one_cm":1124,"minecraft:fall_one_cm":5413,"minecraft:fly_one_cm":60273},"minecraft:used":{"marbledsarsenal:fire_axe":6},"minecraft:mined":{"biomesoplenty:clover":2,"zombie_extreme:oil_shale_sand":4,"minecraft:sand":2,"minecraft:glass":1,"biomesoplenty:huge_clover_petal":8},"minecraft:picked_up":{"tacz:ammo":162,"minecraft:rotten_flesh":4,"minecraft:leather":2,"tacz:modern_kinetic_gun":1,"pointblank:gunmetal_nugget":25,"minecraft:sand":2,"marbledsarsenal:fire_axe":1,"minecraft:gunpowder":1,"zombie_extreme:oil_shale":4},"minecraft:dropped":{"tacz:ammo":120,"tacz:modern_kinetic_gun":1,"marbledsarsenal:fire_axe":1}},"DataVersion":3465}