{"stats":{"minecraft:killed":{"minecraft:skeleton":3,"zombie_extreme:crawler":1,"minecraft:frog":1,"minecraft:creeper":1},"minecraft:custom":{"minecraft:time_since_rest":4028,"minecraft:crouch_one_cm":43,"minecraft:play_time":4028,"minecraft:sprint_one_cm":18226,"minecraft:damage_taken":40,"minecraft:walk_one_cm":16572,"minecraft:sneak_time":120,"minecraft:mob_kills":6,"minecraft:jump":59,"minecraft:damage_dealt":957,"minecraft:leave_game":1,"minecraft:time_since_death":4028,"minecraft:walk_on_water_one_cm":104,"minecraft:total_world_time":4028,"minecraft:fall_one_cm":656,"minecraft:fly_one_cm":23108},"minecraft:used":{"minecraft:torch":22,"minecraft:wooden_sword":6},"minecraft:picked_up":{"minecraft:arrow":13,"minecraft:bone":9,"minecraft:gunpowder":28}},"DataVersion":3465}