{"stats":{"minecraft:dropped":{"minecraft:prismarine_shard":2,"minecraft:book":3,"minecraft:prismarine_crystals":3},"minecraft:custom":{"minecraft:time_since_rest":605,"minecraft:sprint_one_cm":9975,"minecraft:damage_taken":8424,"minecraft:walk_one_cm":31403,"minecraft:mob_kills":5,"minecraft:drop":3,"minecraft:damage_dealt":1580,"minecraft:swim_one_cm":3055,"minecraft:fly_one_cm":11319,"minecraft:player_kills":14,"minecraft:play_one_minute":19621,"minecraft:crouch_one_cm":17204,"minecraft:deaths":32,"minecraft:sneak_time":6243,"minecraft:walk_under_water_one_cm":7079,"minecraft:jump":245,"minecraft:leave_game":1,"minecraft:time_since_death":576,"minecraft:walk_on_water_one_cm":2565,"minecraft:fall_one_cm":6205},"minecraft:picked_up":{"minecraft:book":3,"minecraft:enchanting_table":1,"minecraft:repeater":1,"minecraft:prismarine_shard":2,"minecraft:yellow_wool":19,"minecraft:oak_pressure_plate":1,"minecraft:poisonous_potato":12,"minecraft:potato":78,"minecraft:stone_button":1,"minecraft:prismarine_crystals":3,"minecraft:quartz_block":16,"minecraft:tnt":1,"minecraft:rotten_flesh":1,"minecraft:diamond":1,"minecraft:lever":1,"minecraft:light_weighted_pressure_plate":1,"minecraft:oak_fence_gate":1,"minecraft:gold_ingot":5,"minecraft:emerald":12,"minecraft:baked_potato":22,"minecraft:piston":4},"minecraft:killed_by":{"minecraft:player":17,"minecraft:slime":1},"minecraft:mined":{"minecraft:yellow_wool":31,"minecraft:bookshelf":1,"minecraft:glass":1,"minecraft:oak_pressure_plate":1,"lucky:lucky_block":8},"minecraft:used":{"minecraft:piston":4,"minecraft:light_weighted_pressure_plate":1,"minecraft:oak_pressure_plate":1,"minecraft:yellow_wool":10}},"DataVersion":2586}