{"stats":{"minecraft:dropped":{"minecraft:blaze_rod":2,"minecraft:ender_pearl":3,"minecraft:prismarine_shard":2,"minecraft:cobblestone":5,"minecraft:prismarine_crystals":3,"minecraft:book":3,"minecraft:comparator":1,"minecraft:blaze_powder":1,"minecraft:repeater":8,"minecraft:dropper":1,"minecraft:leather_boots":1,"minecraft:stone_pressure_plate":2,"minecraft:leather_leggings":1,"minecraft:gold_nugget":3,"minecraft:spider_eye":2,"minecraft:sandstone":1,"minecraft:magma_cream":1,"minecraft:ghast_tear":2,"minecraft:fermented_spider_eye":2},"minecraft:custom":{"minecraft:mob_kills":6,"minecraft:play_one_minute":43621,"minecraft:damage_dealt_resisted":4,"minecraft:leave_game":1,"minecraft:time_since_death":214,"minecraft:damage_resisted":62,"minecraft:time_since_rest":246,"minecraft:damage_absorbed":80,"minecraft:sprint_one_cm":26491,"minecraft:open_enderchest":8,"minecraft:damage_taken":50448,"minecraft:walk_one_cm":69077,"minecraft:drop":22,"minecraft:damage_dealt":2519,"minecraft:talked_to_villager":1,"minecraft:swim_one_cm":11478,"minecraft:fly_one_cm":42747,"minecraft:player_kills":28,"minecraft:open_chest":3,"minecraft:crouch_one_cm":27688,"minecraft:deaths":68,"minecraft:sneak_time":9864,"minecraft:walk_under_water_one_cm":34679,"minecraft:jump":490,"minecraft:walk_on_water_one_cm":8191,"minecraft:fall_one_cm":15961},"minecraft:picked_up":{"minecraft:enchanting_table":1,"minecraft:iron_chestplate":2,"minecraft:ender_chest":2,"minecraft:rabbit_stew":1,"minecraft:salmon":1,"minecraft:cooked_beef":3,"minecraft:repeater":9,"minecraft:magma_cream":1,"minecraft:iron_door":2,"minecraft:tripwire_hook":3,"minecraft:prismarine_shard":2,"minecraft:leather_leggings":1,"minecraft:redstone_lamp":4,"minecraft:yellow_wool":25,"minecraft:beacon":1,"minecraft:potato":78,"minecraft:cooked_rabbit":4,"minecraft:enchanted_book":2,"minecraft:heavy_weighted_pressure_plate":1,"minecraft:lapis_lazuli":3,"minecraft:oak_trapdoor":4,"lucky:lucky_potion":5,"minecraft:iron_leggings":1,"minecraft:leather_boots":1,"minecraft:bow":1,"minecraft:gold_nugget":1,"minecraft:comparator":1,"minecraft:light_weighted_pressure_plate":2,"minecraft:beef":6,"minecraft:oak_fence_gate":2,"minecraft:redstone_torch":14,"minecraft:ender_eye":6,"minecraft:melon_slice":5,"minecraft:iron_sword":1,"minecraft:piston":8,"minecraft:iron_boots":2,"minecraft:book":3,"minecraft:ghast_tear":2,"minecraft:sandstone":2,"minecraft:cooked_porkchop":1,"minecraft:oak_door":1,"minecraft:daylight_detector":2,"minecraft:oak_fence":1,"minecraft:oak_pressure_plate":4,"minecraft:poisonous_potato":12,"minecraft:note_block":1,"minecraft:dropper":2,"minecraft:melon":2,"minecraft:stone_button":3,"minecraft:carrot":1,"minecraft:redstone":49,"minecraft:fermented_spider_eye":2,"minecraft:stone_pressure_plate":2,"minecraft:prismarine_crystals":3,"minecraft:spider_eye":2,"minecraft:leather_helmet":1,"minecraft:tnt":17,"minecraft:quartz_block":24,"minecraft:arrow":21,"minecraft:dispenser":2,"minecraft:rotten_flesh":2,"minecraft:diamond":1,"minecraft:slime_block":2,"minecraft:lever":7,"minecraft:iron_helmet":1,"minecraft:sandstone_stairs":1,"minecraft:yellow_terracotta":2,"minecraft:gold_ingot":7,"minecraft:glistering_melon_slice":2,"minecraft:emerald":12,"minecraft:oak_button":2,"minecraft:baked_potato":22,"minecraft:jack_o_lantern":1,"minecraft:blaze_rod":2,"minecraft:cod":5,"minecraft:hopper":3,"minecraft:blaze_powder":1,"minecraft:cobblestone":5,"minecraft:ender_pearl":11},"minecraft:mined":{"minecraft:oak_fence":2,"minecraft:melon":1,"minecraft:beacon":1,"minecraft:oak_pressure_plate":1,"minecraft:glass":1,"minecraft:slime_block":1,"minecraft:yellow_wool":37,"minecraft:fire":1,"minecraft:tnt":9,"minecraft:bookshelf":1,"lucky:lucky_block":33},"minecraft:killed_by":{"minecraft:vindicator":1,"minecraft:player":36,"minecraft:blaze":1,"minecraft:slime":1,"minecraft:vex":3},"minecraft:broken":{"minecraft:leather_helmet":1,"minecraft:leather_boots":1},"minecraft:used":{"minecraft:oak_fence":1,"minecraft:sandstone_stairs":1,"minecraft:melon":2,"minecraft:dispenser":2,"minecraft:ender_pearl":5,"minecraft:sandstone":1,"minecraft:iron_sword":11,"minecraft:beacon":1,"minecraft:rotten_flesh":1,"minecraft:tnt":15,"minecraft:note_block":1,"minecraft:lever":1,"minecraft:piston":4,"minecraft:daylight_detector":1,"minecraft:melon_slice":2,"minecraft:light_weighted_pressure_plate":2,"minecraft:quartz_block":7,"minecraft:oak_pressure_plate":1,"minecraft:yellow_wool":17,"minecraft:redstone_lamp":4,"minecraft:cooked_beef":2}},"DataVersion":2586}