{"stats":{"minecraft:dropped":{"minecraft:prismarine_crystals":3,"minecraft:prismarine_shard":2},"minecraft:custom":{"minecraft:time_since_rest":263,"minecraft:crouch_one_cm":8520,"minecraft:play_one_minute":7621,"minecraft:sprint_one_cm":3665,"minecraft:deaths":10,"minecraft:damage_taken":2617,"minecraft:walk_one_cm":9818,"minecraft:sneak_time":3015,"minecraft:walk_under_water_one_cm":53,"minecraft:mob_kills":2,"minecraft:drop":2,"minecraft:jump":41,"minecraft:damage_dealt":829,"minecraft:leave_game":1,"minecraft:walk_on_water_one_cm":1887,"minecraft:time_since_death":230,"minecraft:swim_one_cm":2104,"minecraft:fall_one_cm":1197,"minecraft:fly_one_cm":3487,"minecraft:player_kills":5},"minecraft:picked_up":{"minecraft:quartz_block":16,"minecraft:prismarine_shard":2,"minecraft:yellow_wool":7,"minecraft:oak_pressure_plate":1,"minecraft:prismarine_crystals":3,"minecraft:piston":4},"minecraft:killed_by":{"minecraft:player":8},"minecraft:mined":{"minecraft:yellow_wool":7,"minecraft:oak_pressure_plate":1,"minecraft:glass":1},"minecraft:used":{"minecraft:yellow_wool":7,"minecraft:piston":4,"minecraft:oak_pressure_plate":1}},"DataVersion":2586}