{"stats":{"minecraft:dropped":{"minecraft:stone_hoe":1,"minecraft:enchanted_book":21,"minecraft:daylight_detector":1,"minecraft:iron_sword":2,"minecraft:piston":3,"minecraft:golden_helmet":1,"minecraft:lapis_lazuli":18,"minecraft:oak_pressure_plate":3,"minecraft:cooked_beef":1,"minecraft:baked_potato":20,"minecraft:ender_pearl":3,"minecraft:golden_horse_armor":1,"minecraft:cooked_porkchop":3,"minecraft:poisonous_potato":2,"minecraft:prismarine_shard":2,"minecraft:cookie":22,"minecraft:iron_helmet":1,"minecraft:cobblestone":6,"minecraft:prismarine_crystals":3,"minecraft:book":3,"minecraft:cobblestone_stairs":7,"minecraft:emerald":20,"minecraft:blue_dye":2,"minecraft:stone_button":2,"minecraft:dispenser":1,"minecraft:green_dye":1,"minecraft:repeater":9,"minecraft:rabbit":1,"minecraft:melon_slice":3,"minecraft:iron_door":2,"minecraft:jack_o_lantern":8,"lucky:lucky_bow":2,"minecraft:pumpkin_pie":3,"minecraft:iron_leggings":2,"minecraft:wooden_sword":3,"minecraft:gold_nugget":8,"minecraft:golden_hoe":1,"minecraft:pumpkin":10,"minecraft:sugar":15,"minecraft:string":13,"minecraft:fermented_spider_eye":11,"minecraft:tripwire_hook":3,"minecraft:white_wool":1,"minecraft:gold_ingot":22,"minecraft:pink_tulip":3,"minecraft:redstone":55,"minecraft:oak_door":1,"minecraft:stone_axe":2,"minecraft:lever":3,"minecraft:oak_trapdoor":5,"minecraft:ender_chest":2,"minecraft:golden_chestplate":1,"minecraft:stone_sword":1,"minecraft:blaze_rod":3,"minecraft:bowl":1,"minecraft:stone_shovel":1,"minecraft:iron_boots":3,"minecraft:iron_hoe":2,"minecraft:comparator":1,"minecraft:slime_block":1,"minecraft:lime_dye":2,"minecraft:prismarine":1,"minecraft:ender_eye":10,"minecraft:blaze_powder":5,"minecraft:rabbit_foot":2,"minecraft:chainmail_chestplate":1,"minecraft:rabbit_hide":1,"minecraft:oak_fence_gate":1,"minecraft:hay_block":8,"minecraft:heavy_weighted_pressure_plate":1,"minecraft:iron_chestplate":1,"minecraft:dropper":2,"minecraft:quartz_block":23,"minecraft:leather_boots":2,"minecraft:golden_leggings":1,"minecraft:wooden_shovel":1,"minecraft:leather_leggings":1,"minecraft:redstone_torch":14,"minecraft:stone_bricks":3,"minecraft:stone_pressure_plate":2,"minecraft:spider_eye":2,"minecraft:sandstone":1,"minecraft:bow":1,"minecraft:arrow":49,"minecraft:beef":6,"minecraft:magma_cream":5,"minecraft:ghast_tear":3,"minecraft:quartz":4,"minecraft:cooked_rabbit":4},"minecraft:custom":{"minecraft:interact_with_anvil":1,"minecraft:mob_kills":10,"minecraft:eat_cake_slice":4,"minecraft:damage_dealt_resisted":24,"minecraft:leave_game":1,"minecraft:time_since_death":348,"minecraft:damage_resisted":62,"minecraft:sprint_one_cm":42210,"minecraft:walk_one_cm":98125,"minecraft:drop":154,"minecraft:damage_dealt_absorbed":30,"minecraft:talked_to_villager":1,"minecraft:deaths":96,"minecraft:sneak_time":11935,"minecraft:walk_under_water_one_cm":70356,"minecraft:jump":668,"minecraft:walk_on_water_one_cm":15941,"minecraft:play_one_minute":67621,"minecraft:time_since_rest":382,"minecraft:open_enderchest":13,"minecraft:damage_taken":59983,"minecraft:damage_absorbed":240,"minecraft:damage_dealt":3353,"minecraft:swim_one_cm":17670,"minecraft:fly_one_cm":70798,"minecraft:player_kills":31,"minecraft:open_chest":10,"minecraft:crouch_one_cm":33282,"minecraft:fall_one_cm":30330,"minecraft:inspect_dispenser":2},"minecraft:picked_up":{"minecraft:iron_chestplate":2,"minecraft:splash_potion":1,"minecraft:dolphin_spawn_egg":1,"minecraft:redstone_block":1,"minecraft:anvil":1,"minecraft:ender_chest":2,"minecraft:prismarine_shard":2,"minecraft:yellow_wool":25,"minecraft:rabbit_stew":2,"minecraft:redstone_lamp":6,"minecraft:leather_leggings":1,"minecraft:potion":1,"minecraft:cooked_rabbit":4,"minecraft:enchanted_book":24,"minecraft:heavy_weighted_pressure_plate":1,"minecraft:string":13,"minecraft:wooden_sword":3,"minecraft:oak_trapdoor":5,"minecraft:iron_axe":1,"lucky:lucky_potion":21,"minecraft:iron_leggings":3,"minecraft:gold_nugget":3,"lucky:lucky_sword":3,"minecraft:comparator":1,"minecraft:light_weighted_pressure_plate":2,"minecraft:beef":12,"minecraft:redstone_torch":14,"minecraft:ender_eye":10,"minecraft:wooden_shovel":1,"minecraft:melon_slice":5,"minecraft:piston":8,"minecraft:iron_boots":5,"minecraft:golden_helmet":1,"minecraft:hoglin_spawn_egg":1,"minecraft:orange_dye":1,"minecraft:sandstone":5,"minecraft:oak_door":1,"minecraft:oak_fence":1,"minecraft:note_block":1,"minecraft:porkchop":10,"minecraft:cake":2,"minecraft:stone_button":5,"minecraft:cookie":22,"minecraft:carrot":1,"minecraft:redstone":55,"minecraft:golden_chestplate":1,"minecraft:prismarine_crystals":3,"minecraft:rabbit_foot":2,"minecraft:stone_pressure_plate":2,"minecraft:stone_sword":1,"minecraft:stone_shovel":1,"minecraft:tnt":17,"minecraft:quartz_block":49,"minecraft:arrow":51,"minecraft:rotten_flesh":2,"minecraft:music_disc_ward":1,"minecraft:pumpkin_pie":6,"minecraft:golden_hoe":1,"minecraft:cow_spawn_egg":1,"minecraft:hay_block":8,"minecraft:saddle":1,"minecraft:sandstone_stairs":1,"minecraft:blue_dye":2,"minecraft:pink_tulip":3,"minecraft:yellow_terracotta":2,"minecraft:glistering_melon_slice":5,"minecraft:gold_ingot":48,"minecraft:blaze_rod":3,"minecraft:iron_bars":10,"minecraft:mutton":2,"minecraft:white_wool":1,"minecraft:cod":5,"minecraft:blaze_powder":5,"minecraft:cobblestone":6,"minecraft:elder_guardian_spawn_egg":1,"minecraft:enchanting_table":1,"minecraft:cooked_beef":3,"minecraft:magma_cream":5,"minecraft:repeater":10,"minecraft:iron_door":2,"minecraft:tripwire_hook":5,"minecraft:salmon":1,"minecraft:golden_leggings":2,"minecraft:beacon":1,"minecraft:potato":141,"minecraft:chainmail_chestplate":1,"minecraft:cobblestone_stairs":7,"minecraft:wooden_hoe":1,"minecraft:lapis_lazuli":18,"lucky:lucky_bow":3,"minecraft:leather_boots":2,"minecraft:stone_bricks":3,"minecraft:bow":2,"minecraft:rabbit_hide":1,"minecraft:iron_ingot":16,"minecraft:oak_fence_gate":2,"minecraft:stone_pickaxe":1,"minecraft:diamond_helmet":1,"minecraft:rabbit":2,"minecraft:prismarine":1,"minecraft:stone_hoe":1,"minecraft:iron_sword":2,"minecraft:green_dye":1,"minecraft:book":3,"minecraft:ghast_tear":3,"minecraft:cooked_porkchop":3,"minecraft:pumpkin":10,"minecraft:daylight_detector":3,"minecraft:quartz":4,"minecraft:oak_pressure_plate":4,"minecraft:poisonous_potato":14,"minecraft:dropper":2,"minecraft:melon":2,"minecraft:fermented_spider_eye":11,"minecraft:spider_eye":2,"minecraft:leather_helmet":1,"minecraft:iron_hoe":2,"minecraft:lime_dye":2,"minecraft:dispenser":3,"minecraft:sugar":15,"minecraft:slime_block":8,"minecraft:diamond":18,"minecraft:stone_axe":2,"minecraft:lever":8,"minecraft:iron_helmet":1,"minecraft:golden_apple":2,"minecraft:golden_horse_armor":2,"minecraft:oak_button":2,"minecraft:emerald":32,"minecraft:parrot_spawn_egg":1,"minecraft:baked_potato":42,"minecraft:jack_o_lantern":8,"minecraft:hopper":4,"minecraft:ender_pearl":12},"minecraft:mined":{"minecraft:oak_pressure_plate":1,"minecraft:fire":2,"minecraft:bookshelf":1,"minecraft:iron_bars":2,"lucky:lucky_block":57,"minecraft:quartz_block":1,"minecraft:oak_fence":2,"minecraft:melon":1,"minecraft:beacon":1,"minecraft:glass":1,"minecraft:slime_block":5,"minecraft:yellow_wool":37,"minecraft:tnt":10,"minecraft:cobweb":3},"minecraft:killed_by":{"minecraft:player":47,"minecraft:spider":2,"minecraft:slime":1,"minecraft:vindicator":1,"minecraft:cave_spider":1,"minecraft:blaze":1,"minecraft:vex":3},"minecraft:broken":{"minecraft:leather_helmet":1,"minecraft:leather_boots":1},"minecraft:used":{"minecraft:oak_fence":1,"minecraft:melon":2,"minecraft:dispenser":2,"minecraft:iron_sword":26,"minecraft:rotten_flesh":1,"minecraft:anvil":1,"minecraft:carrot":1,"minecraft:iron_axe":17,"minecraft:light_weighted_pressure_plate":2,"minecraft:slime_block":3,"minecraft:quartz_block":9,"minecraft:rabbit_stew":1,"minecraft:dolphin_spawn_egg":1,"minecraft:redstone_lamp":4,"minecraft:bow":2,"minecraft:cooked_beef":2,"minecraft:potato":13,"lucky:lucky_potion":17,"minecraft:cow_spawn_egg":1,"minecraft:sandstone_stairs":1,"minecraft:elder_guardian_spawn_egg":1,"minecraft:stone_pickaxe":3,"minecraft:ender_pearl":9,"minecraft:sandstone":4,"lucky:lucky_sword":23,"minecraft:parrot_spawn_egg":1,"minecraft:beacon":1,"minecraft:tnt":16,"minecraft:cod":3,"minecraft:note_block":1,"minecraft:cake":2,"minecraft:piston":4,"minecraft:lever":1,"minecraft:daylight_detector":1,"minecraft:melon_slice":2,"minecraft:oak_pressure_plate":1,"minecraft:yellow_wool":17},"minecraft:killed":{"minecraft:spider":2,"minecraft:slime":1,"minecraft:zombie":1}},"DataVersion":2586}