{"stats":{"minecraft:dropped":{"minecraft:ender_pearl":3,"minecraft:prismarine_shard":2,"minecraft:cobblestone":5,"minecraft:prismarine_crystals":3,"minecraft:book":3,"minecraft:blaze_powder":1,"minecraft:leather_boots":1,"minecraft:gold_nugget":3,"minecraft:spider_eye":2,"minecraft:sandstone":1,"minecraft:magma_cream":1,"minecraft:ghast_tear":2,"minecraft:fermented_spider_eye":2},"minecraft:custom":{"minecraft:mob_kills":6,"minecraft:play_one_minute":31621,"minecraft:damage_dealt_resisted":4,"minecraft:leave_game":1,"minecraft:time_since_death":42,"minecraft:time_since_rest":83,"minecraft:sprint_one_cm":19437,"minecraft:open_enderchest":4,"minecraft:damage_taken":13339,"minecraft:walk_one_cm":51727,"minecraft:drop":16,"minecraft:damage_dealt":2243,"minecraft:swim_one_cm":3907,"minecraft:fly_one_cm":24495,"minecraft:player_kills":21,"minecraft:open_chest":2,"minecraft:crouch_one_cm":23374,"minecraft:deaths":49,"minecraft:sneak_time":8539,"minecraft:walk_under_water_one_cm":13485,"minecraft:jump":392,"minecraft:walk_on_water_one_cm":3068,"minecraft:fall_one_cm":10969},"minecraft:picked_up":{"minecraft:enchanting_table":1,"minecraft:cooked_beef":3,"minecraft:repeater":9,"minecraft:magma_cream":1,"minecraft:iron_door":1,"minecraft:tripwire_hook":2,"minecraft:prismarine_shard":2,"minecraft:redstone_lamp":4,"minecraft:yellow_wool":25,"minecraft:beacon":1,"minecraft:potato":78,"minecraft:enchanted_book":1,"minecraft:heavy_weighted_pressure_plate":1,"minecraft:lapis_lazuli":3,"minecraft:oak_trapdoor":2,"minecraft:leather_boots":1,"minecraft:bow":1,"minecraft:gold_nugget":1,"minecraft:comparator":1,"minecraft:light_weighted_pressure_plate":2,"minecraft:beef":6,"minecraft:oak_fence_gate":1,"minecraft:redstone_torch":8,"minecraft:ender_eye":6,"minecraft:piston":5,"minecraft:iron_boots":1,"minecraft:book":3,"minecraft:ghast_tear":2,"minecraft:sandstone":2,"minecraft:daylight_detector":1,"minecraft:oak_fence":1,"minecraft:oak_pressure_plate":4,"minecraft:poisonous_potato":12,"minecraft:note_block":1,"minecraft:dropper":1,"minecraft:melon":1,"minecraft:stone_button":3,"minecraft:carrot":1,"minecraft:redstone":43,"minecraft:fermented_spider_eye":2,"minecraft:stone_pressure_plate":2,"minecraft:prismarine_crystals":3,"minecraft:spider_eye":2,"minecraft:leather_helmet":1,"minecraft:tnt":9,"minecraft:quartz_block":24,"minecraft:dispenser":2,"minecraft:rotten_flesh":2,"minecraft:diamond":1,"minecraft:slime_block":1,"minecraft:lever":4,"minecraft:sandstone_stairs":1,"minecraft:yellow_terracotta":2,"minecraft:gold_ingot":7,"minecraft:glistering_melon_slice":2,"minecraft:emerald":12,"minecraft:oak_button":2,"minecraft:baked_potato":22,"minecraft:blaze_rod":2,"minecraft:hopper":3,"minecraft:blaze_powder":1,"minecraft:cobblestone":5,"minecraft:ender_pearl":11},"minecraft:mined":{"minecraft:oak_fence":2,"minecraft:beacon":1,"minecraft:oak_pressure_plate":1,"minecraft:glass":1,"minecraft:yellow_wool":37,"minecraft:bookshelf":1,"lucky:lucky_block":22},"minecraft:killed_by":{"minecraft:vindicator":1,"minecraft:player":28,"minecraft:blaze":1,"minecraft:slime":1,"minecraft:vex":2},"minecraft:broken":{"minecraft:leather_helmet":1,"minecraft:leather_boots":1},"minecraft:used":{"minecraft:oak_fence":1,"minecraft:sandstone_stairs":1,"minecraft:ender_pearl":5,"minecraft:sandstone":1,"minecraft:beacon":1,"minecraft:tnt":1,"minecraft:lever":1,"minecraft:piston":4,"minecraft:light_weighted_pressure_plate":1,"minecraft:quartz_block":7,"minecraft:oak_pressure_plate":1,"minecraft:yellow_wool":17,"minecraft:cooked_beef":2}},"DataVersion":2586}