{"stats":{"minecraft:dropped":{"minecraft:enchanted_book":10,"minecraft:daylight_detector":1,"minecraft:piston":3,"minecraft:oak_pressure_plate":3,"minecraft:ender_pearl":3,"minecraft:poisonous_potato":1,"minecraft:prismarine_shard":2,"minecraft:cookie":22,"minecraft:iron_helmet":1,"minecraft:cobblestone":5,"minecraft:prismarine_crystals":3,"minecraft:book":3,"minecraft:stone_button":2,"minecraft:repeater":8,"minecraft:iron_door":2,"minecraft:jack_o_lantern":8,"minecraft:iron_leggings":2,"minecraft:wooden_sword":1,"minecraft:gold_nugget":5,"minecraft:golden_hoe":1,"minecraft:pumpkin":10,"minecraft:sugar":15,"minecraft:fermented_spider_eye":8,"minecraft:tripwire_hook":1,"minecraft:redstone":49,"minecraft:oak_door":1,"minecraft:stone_axe":1,"minecraft:lever":2,"minecraft:oak_trapdoor":4,"minecraft:blaze_rod":2,"minecraft:bowl":1,"minecraft:iron_boots":3,"minecraft:iron_hoe":1,"minecraft:comparator":1,"minecraft:slime_block":1,"minecraft:blaze_powder":1,"minecraft:chainmail_chestplate":1,"minecraft:oak_fence_gate":1,"minecraft:heavy_weighted_pressure_plate":1,"minecraft:iron_chestplate":1,"minecraft:dropper":2,"minecraft:quartz_block":7,"minecraft:leather_boots":1,"minecraft:leather_leggings":1,"minecraft:stone_pressure_plate":2,"minecraft:spider_eye":2,"minecraft:sandstone":1,"minecraft:arrow":49,"minecraft:magma_cream":1,"minecraft:ghast_tear":2,"minecraft:cooked_rabbit":4},"minecraft:custom":{"minecraft:interact_with_anvil":1,"minecraft:mob_kills":6,"minecraft:damage_dealt_resisted":24,"minecraft:leave_game":1,"minecraft:time_since_death":3272,"minecraft:damage_resisted":62,"minecraft:sprint_one_cm":34859,"minecraft:walk_one_cm":84393,"minecraft:drop":72,"minecraft:damage_dealt_absorbed":30,"minecraft:talked_to_villager":1,"minecraft:deaths":86,"minecraft:sneak_time":10772,"minecraft:walk_under_water_one_cm":60870,"minecraft:jump":565,"minecraft:walk_on_water_one_cm":10891,"minecraft:play_one_minute":55621,"minecraft:time_since_rest":3303,"minecraft:open_enderchest":11,"minecraft:damage_taken":56898,"minecraft:damage_absorbed":240,"minecraft:damage_dealt":2544,"minecraft:swim_one_cm":13755,"minecraft:fly_one_cm":60850,"minecraft:player_kills":29,"minecraft:open_chest":4,"minecraft:crouch_one_cm":30744,"minecraft:fall_one_cm":19329},"minecraft:picked_up":{"minecraft:iron_chestplate":2,"minecraft:dolphin_spawn_egg":1,"minecraft:anvil":1,"minecraft:ender_chest":2,"minecraft:prismarine_shard":2,"minecraft:yellow_wool":25,"minecraft:rabbit_stew":1,"minecraft:redstone_lamp":4,"minecraft:leather_leggings":1,"minecraft:cooked_rabbit":4,"minecraft:enchanted_book":12,"minecraft:heavy_weighted_pressure_plate":1,"minecraft:wooden_sword":2,"minecraft:oak_trapdoor":4,"minecraft:iron_axe":1,"lucky:lucky_potion":13,"minecraft:iron_leggings":3,"minecraft:gold_nugget":1,"lucky:lucky_sword":1,"minecraft:comparator":1,"minecraft:light_weighted_pressure_plate":2,"minecraft:beef":12,"minecraft:redstone_torch":14,"minecraft:ender_eye":6,"minecraft:melon_slice":5,"minecraft:piston":8,"minecraft:iron_boots":5,"minecraft:sandstone":2,"minecraft:oak_door":1,"minecraft:oak_fence":1,"minecraft:note_block":1,"minecraft:cake":2,"minecraft:stone_button":3,"minecraft:cookie":22,"minecraft:carrot":1,"minecraft:redstone":49,"minecraft:prismarine_crystals":3,"minecraft:stone_pressure_plate":2,"minecraft:tnt":17,"minecraft:quartz_block":31,"minecraft:arrow":39,"minecraft:rotten_flesh":2,"minecraft:pumpkin_pie":3,"minecraft:golden_hoe":1,"minecraft:cow_spawn_egg":1,"minecraft:sandstone_stairs":1,"minecraft:yellow_terracotta":2,"minecraft:glistering_melon_slice":2,"minecraft:gold_ingot":20,"minecraft:blaze_rod":2,"minecraft:cod":5,"minecraft:blaze_powder":1,"minecraft:cobblestone":5,"minecraft:elder_guardian_spawn_egg":1,"minecraft:enchanting_table":1,"minecraft:cooked_beef":3,"minecraft:magma_cream":1,"minecraft:repeater":9,"minecraft:iron_door":2,"minecraft:tripwire_hook":3,"minecraft:salmon":1,"minecraft:beacon":1,"minecraft:potato":100,"minecraft:chainmail_chestplate":1,"minecraft:lapis_lazuli":18,"lucky:lucky_bow":1,"minecraft:leather_boots":1,"minecraft:bow":1,"minecraft:oak_fence_gate":2,"minecraft:iron_sword":1,"minecraft:book":3,"minecraft:ghast_tear":2,"minecraft:cooked_porkchop":1,"minecraft:pumpkin":10,"minecraft:daylight_detector":2,"minecraft:oak_pressure_plate":4,"minecraft:poisonous_potato":13,"minecraft:dropper":2,"minecraft:melon":2,"minecraft:fermented_spider_eye":8,"minecraft:spider_eye":2,"minecraft:leather_helmet":1,"minecraft:iron_hoe":2,"minecraft:dispenser":2,"minecraft:sugar":15,"minecraft:slime_block":8,"minecraft:diamond":1,"minecraft:stone_axe":1,"minecraft:lever":7,"minecraft:iron_helmet":1,"minecraft:oak_button":2,"minecraft:emerald":12,"minecraft:parrot_spawn_egg":1,"minecraft:baked_potato":32,"minecraft:jack_o_lantern":8,"minecraft:hopper":3,"minecraft:ender_pearl":11},"minecraft:mined":{"minecraft:oak_pressure_plate":1,"minecraft:fire":1,"minecraft:bookshelf":1,"lucky:lucky_block":43,"minecraft:oak_fence":2,"minecraft:melon":1,"minecraft:beacon":1,"minecraft:glass":1,"minecraft:slime_block":5,"minecraft:yellow_wool":37,"minecraft:tnt":10},"minecraft:killed_by":{"minecraft:player":42,"minecraft:slime":1,"minecraft:vindicator":1,"minecraft:cave_spider":1,"minecraft:blaze":1,"minecraft:vex":3},"minecraft:broken":{"minecraft:leather_helmet":1,"minecraft:leather_boots":1},"minecraft:used":{"minecraft:oak_fence":1,"minecraft:melon":2,"minecraft:dispenser":2,"minecraft:iron_sword":26,"minecraft:rotten_flesh":1,"minecraft:anvil":1,"minecraft:light_weighted_pressure_plate":2,"minecraft:slime_block":3,"minecraft:quartz_block":7,"minecraft:rabbit_stew":1,"minecraft:dolphin_spawn_egg":1,"minecraft:redstone_lamp":4,"minecraft:bow":2,"minecraft:cooked_beef":2,"minecraft:potato":2,"lucky:lucky_potion":13,"minecraft:cow_spawn_egg":1,"minecraft:sandstone_stairs":1,"minecraft:elder_guardian_spawn_egg":1,"minecraft:ender_pearl":8,"minecraft:sandstone":1,"minecraft:parrot_spawn_egg":1,"minecraft:beacon":1,"minecraft:tnt":16,"minecraft:cod":3,"minecraft:note_block":1,"minecraft:cake":1,"minecraft:piston":4,"minecraft:lever":1,"minecraft:daylight_detector":1,"minecraft:melon_slice":2,"minecraft:oak_pressure_plate":1,"minecraft:yellow_wool":17}},"DataVersion":2586}