{"stats":{"minecraft:custom":{"minecraft:time_since_rest":935,"minecraft:sprint_one_cm":39,"minecraft:damage_taken":1520,"minecraft:walk_one_cm":13113,"minecraft:mob_kills":8,"minecraft:drop":2,"minecraft:damage_dealt":128,"minecraft:fly_one_cm":12333,"minecraft:crouch_one_cm":24,"minecraft:play_one_minute":19629,"minecraft:deaths":8,"minecraft:sneak_time":281,"minecraft:jump":33,"minecraft:leave_game":1,"minecraft:time_since_death":907,"minecraft:fall_one_cm":561},"minecraft:mined":{"lucky:lucky_block":19},"minecraft:dropped":{"minecraft:diamond_sword":1,"lucky:lucky_potion":1},"minecraft:used":{"minecraft:command_block":5,"lucky:lucky_block":12,"minecraft:stone":2,"minecraft:bedrock":30,"minecraft:wooden_sword":1,"minecraft:comparator":2},"minecraft:picked_up":{"minecraft:golden_helmet":1,"minecraft:nether_quartz_ore":4,"minecraft:golden_leggings":1,"minecraft:quartz":9,"minecraft:diamond_sword":2,"minecraft:golden_boots":1,"minecraft:lapis_lazuli":12,"minecraft:golden_chestplate":1,"lucky:lucky_potion":2,"minecraft:wooden_sword":1,"minecraft:quartz_block":14,"minecraft:quartz_slab":6,"minecraft:diamond_shovel":1,"minecraft:rotten_flesh":1,"minecraft:diamond_chestplate":1,"minecraft:diamond":14,"minecraft:hay_block":7,"minecraft:iron_ingot":16,"minecraft:gold_ingot":33,"minecraft:ender_eye":5,"minecraft:golden_horse_armor":1,"minecraft:emerald":16,"minecraft:poppy":1,"minecraft:quartz_stairs":3,"minecraft:ender_pearl":10}},"DataVersion":2586}