{"stats":{"minecraft:dropped":{"minecraft:stone_hoe":1,"minecraft:enchanted_book":3,"minecraft:bread":2,"minecraft:wolf_spawn_egg":1,"minecraft:porkchop":2,"minecraft:oak_pressure_plate":3,"minecraft:cooked_beef":5,"minecraft:tnt":15,"minecraft:glass_bottle":1,"minecraft:diamond":4,"minecraft:poisonous_potato":5,"minecraft:prismarine_shard":26,"minecraft:cookie":20,"minecraft:oak_fence":4,"minecraft:iron_helmet":4,"minecraft:prismarine_crystals":10,"minecraft:iron_horse_armor":1,"minecraft:saddle":1,"minecraft:sheep_spawn_egg":1,"minecraft:tropical_fish":2,"minecraft:leather_helmet":1,"minecraft:music_disc_13":1,"minecraft:music_disc_11":1,"minecraft:stick":1,"minecraft:pufferfish":3,"minecraft:oxeye_daisy":7,"minecraft:redstone_lamp":3,"minecraft:bee_spawn_egg":1,"minecraft:iron_trapdoor":2,"minecraft:stone_button":2,"minecraft:dispenser":2,"minecraft:golden_carrot":2,"minecraft:torch":8,"minecraft:repeater":1,"minecraft:pumpkin_pie":12,"minecraft:iron_leggings":1,"lucky:lucky_bow":1,"minecraft:music_disc_strad":1,"minecraft:gold_nugget":4,"minecraft:pumpkin":5,"minecraft:iron_axe":1,"minecraft:sugar":2,"minecraft:fermented_spider_eye":2,"minecraft:fishing_rod":1,"minecraft:string":19,"minecraft:bucket":3,"minecraft:redstone":44,"minecraft:bone":8,"minecraft:oak_door":1,"minecraft:note_block":2,"minecraft:lever":6,"minecraft:golden_chestplate":1,"minecraft:player_head":4,"minecraft:cooked_chicken":2,"minecraft:stone_sword":1,"minecraft:nether_wart":1,"minecraft:blaze_rod":2,"minecraft:sticky_piston":3,"minecraft:yellow_wool":1,"minecraft:stone_shovel":2,"minecraft:wither_skeleton_skull":1,"minecraft:comparator":1,"minecraft:slime_block":5,"minecraft:blaze_powder":2,"minecraft:azure_bluet":15,"minecraft:skeleton_spawn_egg":1,"minecraft:salmon":4,"minecraft:rabbit_foot":1,"minecraft:poppy":5,"minecraft:leather_chestplate":4,"minecraft:potato":55,"minecraft:gunpowder":1,"minecraft:oak_button":2,"minecraft:allium":14,"minecraft:heavy_weighted_pressure_plate":1,"minecraft:dragon_egg":1,"minecraft:dropper":8,"minecraft:iron_chestplate":2,"minecraft:cake":1,"minecraft:hopper":1,"minecraft:leather_boots":4,"minecraft:leather_leggings":3,"minecraft:stone_pressure_plate":3,"minecraft:rabbit_stew":1,"minecraft:bow":1,"minecraft:stone_pickaxe":2,"minecraft:beef":8,"lucky:lucky_sword":1},"minecraft:custom":{"minecraft:inspect_dropper":1,"minecraft:mob_kills":7,"minecraft:eat_cake_slice":2,"minecraft:time_since_death":399,"minecraft:leave_game":1,"minecraft:damage_resisted":392,"minecraft:sprint_one_cm":15548,"minecraft:walk_one_cm":68760,"minecraft:drop":134,"minecraft:deaths":58,"minecraft:sneak_time":21382,"minecraft:walk_under_water_one_cm":35917,"minecraft:jump":468,"minecraft:walk_on_water_one_cm":8928,"minecraft:play_one_minute":55169,"minecraft:time_since_rest":428,"minecraft:damage_absorbed":240,"minecraft:open_enderchest":4,"minecraft:damage_taken":18132,"minecraft:damage_dealt":2916,"minecraft:swim_one_cm":5259,"minecraft:fly_one_cm":47377,"minecraft:player_kills":19,"minecraft:open_chest":7,"minecraft:crouch_one_cm":70990,"minecraft:fall_one_cm":18286},"minecraft:picked_up":{"minecraft:prismarine_shard":26,"minecraft:fishing_rod":1,"minecraft:music_disc_strad":1,"minecraft:iron_chestplate":2,"minecraft:allium":22,"minecraft:azure_bluet":21,"minecraft:nether_wart":1,"minecraft:splash_potion":5,"minecraft:ender_chest":2,"minecraft:iron_trapdoor":4,"minecraft:rabbit_stew":1,"minecraft:redstone_lamp":11,"minecraft:yellow_wool":23,"minecraft:leather_leggings":3,"minecraft:diamond_sword":3,"minecraft:bee_spawn_egg":1,"minecraft:gold_block":1,"minecraft:potion":4,"minecraft:enchanted_book":3,"minecraft:heavy_weighted_pressure_plate":2,"minecraft:lapis_block":1,"minecraft:oak_trapdoor":2,"minecraft:string":19,"minecraft:iron_axe":1,"lucky:lucky_potion":42,"minecraft:iron_leggings":2,"minecraft:sticky_piston":7,"minecraft:pufferfish":4,"minecraft:oak_sign":1,"minecraft:blue_orchid":6,"minecraft:gold_nugget":6,"lucky:lucky_sword":3,"minecraft:comparator":3,"minecraft:bucket":1,"minecraft:light_weighted_pressure_plate":1,"minecraft:beef":8,"minecraft:redstone_torch":8,"minecraft:cyan_wool":3,"minecraft:player_head":4,"minecraft:ender_eye":3,"minecraft:poppy":18,"minecraft:iron_pickaxe":1,"minecraft:piston":7,"minecraft:iron_boots":1,"minecraft:golden_helmet":1,"minecraft:stick":1,"minecraft:sandstone":6,"minecraft:jukebox":2,"minecraft:oak_door":3,"minecraft:oak_fence":6,"minecraft:torch":8,"minecraft:note_block":3,"minecraft:porkchop":2,"minecraft:cake":1,"minecraft:stone_button":5,"minecraft:cookie":31,"minecraft:music_disc_11":1,"minecraft:trident":1,"minecraft:redstone":98,"minecraft:prismarine_crystals":10,"minecraft:golden_chestplate":2,"minecraft:iron_horse_armor":1,"minecraft:rabbit_foot":1,"minecraft:stone_pressure_plate":5,"minecraft:rotten_flesh":1,"minecraft:tnt":30,"minecraft:quartz_block":2,"minecraft:stone_sword":1,"minecraft:stone_shovel":2,"minecraft:arrow":44,"minecraft:diamond_chestplate":1,"minecraft:tropical_fish":4,"minecraft:pumpkin_pie":13,"minecraft:hay_block":8,"minecraft:sandstone_stairs":5,"minecraft:iron_block":1,"minecraft:yellow_terracotta":2,"minecraft:pink_tulip":17,"minecraft:saddle":4,"minecraft:gold_ingot":4,"minecraft:wolf_spawn_egg":1,"minecraft:blaze_rod":2,"minecraft:obsidian":20,"minecraft:iron_bars":2,"minecraft:cod":7,"minecraft:blaze_powder":2,"minecraft:cobblestone":6,"minecraft:oxeye_daisy":21,"minecraft:enchanting_table":1,"minecraft:leather_chestplate":4,"minecraft:cooked_beef":5,"minecraft:repeater":8,"minecraft:golden_carrot":2,"minecraft:iron_door":2,"minecraft:tripwire_hook":2,"minecraft:water_bucket":2,"minecraft:salmon":4,"minecraft:golden_leggings":1,"minecraft:potato":78,"minecraft:end_portal_frame":13,"minecraft:mushroom_stew":1,"minecraft:golden_boots":1,"minecraft:gunpowder":1,"minecraft:wither_skeleton_skull":1,"minecraft:cobblestone_stairs":8,"lucky:lucky_bow":5,"minecraft:leather_boots":5,"minecraft:bone":5,"minecraft:apple":1,"minecraft:bow":3,"minecraft:iron_ingot":13,"minecraft:oak_fence_gate":1,"minecraft:stone_pickaxe":2,"minecraft:cooked_chicken":2,"minecraft:diamond_helmet":1,"minecraft:prismarine":25,"minecraft:stone_hoe":1,"minecraft:iron_sword":1,"minecraft:pillager_spawn_egg":1,"minecraft:sheep_spawn_egg":2,"minecraft:milk_bucket":1,"minecraft:music_disc_13":1,"minecraft:pumpkin":34,"minecraft:daylight_detector":1,"minecraft:red_wool":1,"minecraft:dandelion":15,"minecraft:oak_pressure_plate":8,"minecraft:poisonous_potato":9,"minecraft:lava_bucket":2,"minecraft:dropper":14,"minecraft:fermented_spider_eye":2,"minecraft:diamond_block":1,"minecraft:sea_lantern":8,"minecraft:dragon_egg":1,"minecraft:leather_helmet":2,"minecraft:skeleton_spawn_egg":1,"minecraft:music_disc_mall":1,"minecraft:husk_spawn_egg":1,"minecraft:dispenser":6,"minecraft:sugar":2,"minecraft:diamond":37,"minecraft:slime_block":43,"minecraft:lever":10,"minecraft:iron_helmet":5,"minecraft:gray_wool":2,"minecraft:golden_horse_armor":1,"minecraft:bread":2,"minecraft:oak_button":6,"minecraft:baked_potato":20,"minecraft:jack_o_lantern":10,"minecraft:black_wool":4,"minecraft:nether_star":2,"minecraft:hopper":5,"minecraft:golden_pickaxe":1,"minecraft:ender_pearl":12},"minecraft:crafted":{"minecraft:iron_ingot":9},"minecraft:mined":{"minecraft:oak_pressure_plate":1,"minecraft:sandstone":1,"minecraft:fire":1,"minecraft:gold_block":1,"minecraft:iron_bars":3,"lucky:lucky_block":196,"minecraft:iron_block":1,"minecraft:quartz_block":3,"minecraft:oak_fence":3,"minecraft:glass":7,"minecraft:slime_block":15,"minecraft:red_glazed_terracotta":1,"minecraft:prismarine":5,"minecraft:black_stained_glass":1,"minecraft:lapis_block":1,"minecraft:yellow_wool":9,"minecraft:tnt":11,"minecraft:cobweb":15,"minecraft:piston":1},"minecraft:killed_by":{"minecraft:player":28,"minecraft:slime":1,"minecraft:blaze":2,"minecraft:vex":1},"minecraft:broken":{"minecraft:iron_boots":1,"minecraft:leather_boots":1},"minecraft:used":{"minecraft:oak_fence":1,"minecraft:dispenser":2,"minecraft:ender_chest":2,"minecraft:iron_sword":21,"minecraft:obsidian":19,"minecraft:sea_lantern":8,"minecraft:lava_bucket":2,"minecraft:slime_block":27,"minecraft:quartz_block":2,"minecraft:redstone_lamp":4,"minecraft:bow":23,"minecraft:hay_block":8,"lucky:lucky_potion":42,"minecraft:pumpkin":23,"minecraft:water_bucket":1,"minecraft:cobblestone_stairs":8,"minecraft:sandstone_stairs":5,"minecraft:dropper":3,"minecraft:prismarine":25,"minecraft:stone_pickaxe":37,"minecraft:ender_pearl":2,"minecraft:sandstone":7,"minecraft:beacon":1,"lucky:lucky_sword":88,"minecraft:sheep_spawn_egg":1,"minecraft:yellow_terracotta":2,"minecraft:tnt":2,"minecraft:piston":3,"minecraft:iron_pickaxe":19,"minecraft:oak_pressure_plate":3,"minecraft:iron_door":1,"minecraft:yellow_wool":20,"minecraft:diamond_sword":5,"minecraft:cobblestone":6,"minecraft:potion":1,"minecraft:bucket":1,"minecraft:lapis_block":2,"minecraft:pumpkin_pie":1,"minecraft:husk_spawn_egg":1,"minecraft:jukebox":1,"minecraft:splash_potion":2,"minecraft:pillager_spawn_egg":1},"minecraft:killed":{"minecraft:zombified_piglin":1,"minecraft:skeleton":1,"minecraft:llama":1,"minecraft:bat":1}},"DataVersion":2586}