{"stats":{"minecraft:custom":{"minecraft:open_chest":3,"minecraft:time_since_rest":3683,"minecraft:crouch_one_cm":233,"minecraft:play_time":3683,"minecraft:sprint_one_cm":6877,"minecraft:damage_taken":394,"minecraft:walk_one_cm":16847,"minecraft:sneak_time":65,"minecraft:jump":29,"minecraft:damage_dealt":38,"minecraft:time_since_death":3683,"minecraft:total_world_time":3683,"minecraft:climb_one_cm":492,"minecraft:fly_one_cm":1519},"minecraft:used":{"minecraft:sweet_berries":5,"minecraft:rotten_flesh":3},"minecraft:mined":{"minecraft:large_fern":1,"minecraft:grass":3,"minecraft:glass":1,"minecraft:tall_grass":2,"minecraft:sweet_berry_bush":6,"minecraft:wither_rose":3,"horror_element_mod:impaled_head":1},"minecraft:picked_up":{"horror_element_mod:impaled_head":1,"minecraft:item_frame":1,"minecraft:sweet_berries":5,"minecraft:pumpkin_pie":1,"minecraft:wither_rose":2}},"DataVersion":3465}