{"stats":{"minecraft:dropped":{"minecraft:poppy":1,"minecraft:stone_pressure_plate":1,"minecraft:gold_nugget":2},"minecraft:custom":{"minecraft:time_since_rest":534,"minecraft:sprint_one_cm":1790,"minecraft:damage_taken":1536,"minecraft:walk_one_cm":11122,"minecraft:drop":4,"minecraft:damage_dealt":231,"minecraft:swim_one_cm":1757,"minecraft:player_kills":2,"minecraft:fly_one_cm":1801,"minecraft:play_one_minute":7169,"minecraft:crouch_one_cm":10542,"minecraft:deaths":6,"minecraft:sneak_time":3114,"minecraft:walk_under_water_one_cm":973,"minecraft:jump":72,"minecraft:leave_game":1,"minecraft:walk_on_water_one_cm":1994,"minecraft:time_since_death":503,"minecraft:fall_one_cm":1464},"minecraft:picked_up":{"minecraft:oak_door":2,"minecraft:repeater":7,"minecraft:iron_trapdoor":2,"minecraft:iron_door":2,"minecraft:tripwire_hook":2,"minecraft:daylight_detector":1,"minecraft:yellow_wool":2,"minecraft:redstone_lamp":8,"minecraft:oak_fence":2,"minecraft:oak_pressure_plate":2,"minecraft:note_block":1,"minecraft:dropper":6,"minecraft:stone_button":2,"minecraft:redstone":54,"minecraft:heavy_weighted_pressure_plate":1,"minecraft:oak_trapdoor":2,"minecraft:stone_pressure_plate":3,"minecraft:tnt":6,"minecraft:sticky_piston":4,"minecraft:dispenser":2,"minecraft:gold_nugget":1,"minecraft:lever":3,"minecraft:comparator":2,"minecraft:light_weighted_pressure_plate":1,"minecraft:oak_fence_gate":1,"minecraft:redstone_torch":8,"minecraft:saddle":2,"minecraft:poppy":1,"minecraft:oak_button":4,"minecraft:piston":4,"minecraft:hopper":4},"minecraft:killed_by":{"minecraft:player":2},"minecraft:mined":{"minecraft:yellow_wool":2,"minecraft:oak_fence":1,"minecraft:glass":3,"lucky:lucky_block":12},"minecraft:used":{"minecraft:oak_fence":1,"minecraft:dropper":3,"minecraft:oak_pressure_plate":1,"minecraft:iron_door":1,"minecraft:redstone_lamp":4,"minecraft:tnt":1},"minecraft:killed":{"minecraft:llama":1}},"DataVersion":2586}