{"stats":{"minecraft:dropped":{"minecraft:stone_hoe":1,"minecraft:enchanted_book":7,"minecraft:bread":2,"minecraft:wolf_spawn_egg":1,"minecraft:porkchop":4,"minecraft:orange_dye":5,"minecraft:oak_pressure_plate":5,"minecraft:cooked_beef":5,"minecraft:baked_potato":62,"minecraft:tnt":20,"minecraft:golden_pickaxe":1,"minecraft:glass_bottle":1,"minecraft:diamond":4,"minecraft:cooked_porkchop":1,"minecraft:poisonous_potato":6,"minecraft:prismarine_shard":45,"minecraft:cookie":20,"minecraft:oak_fence":4,"minecraft:iron_helmet":4,"minecraft:cobblestone":1,"minecraft:prismarine_crystals":15,"lucky:lucky_potion":1,"minecraft:iron_horse_armor":1,"minecraft:saddle":1,"minecraft:sheep_spawn_egg":1,"minecraft:tropical_fish":6,"minecraft:leather_helmet":1,"minecraft:mushroom_stew":1,"minecraft:music_disc_13":1,"minecraft:music_disc_11":1,"minecraft:stick":1,"minecraft:pufferfish":3,"minecraft:gold_block":1,"minecraft:oxeye_daisy":7,"minecraft:redstone_lamp":3,"minecraft:bee_spawn_egg":1,"minecraft:iron_trapdoor":2,"minecraft:stone_button":2,"minecraft:dispenser":2,"minecraft:golden_carrot":2,"minecraft:torch":8,"minecraft:repeater":1,"minecraft:red_dye":2,"minecraft:music_disc_ward":2,"minecraft:pumpkin_pie":12,"minecraft:iron_leggings":1,"lucky:lucky_bow":1,"minecraft:music_disc_strad":1,"minecraft:gold_nugget":4,"minecraft:pumpkin":5,"minecraft:iron_axe":1,"minecraft:sugar":2,"minecraft:fermented_spider_eye":2,"minecraft:fishing_rod":1,"minecraft:string":19,"minecraft:bucket":4,"minecraft:pink_tulip":3,"minecraft:dandelion":9,"minecraft:gold_ingot":10,"minecraft:redstone":44,"minecraft:bone":8,"minecraft:oak_door":1,"minecraft:note_block":2,"minecraft:lever":8,"minecraft:golden_chestplate":1,"minecraft:player_head":4,"minecraft:cooked_chicken":2,"minecraft:stone_sword":1,"minecraft:nether_wart":1,"minecraft:blaze_rod":2,"minecraft:sticky_piston":3,"minecraft:yellow_wool":1,"minecraft:stone_shovel":2,"minecraft:rotten_flesh":3,"minecraft:wither_skeleton_skull":1,"minecraft:comparator":1,"minecraft:slime_block":5,"minecraft:blaze_powder":2,"minecraft:azure_bluet":19,"minecraft:skeleton_spawn_egg":1,"minecraft:salmon":4,"minecraft:rabbit_foot":1,"minecraft:poppy":10,"minecraft:leather_chestplate":4,"minecraft:potato":124,"minecraft:gunpowder":1,"minecraft:oak_button":2,"minecraft:allium":14,"minecraft:heavy_weighted_pressure_plate":1,"minecraft:dragon_egg":1,"minecraft:dropper":8,"minecraft:iron_chestplate":2,"minecraft:cake":1,"minecraft:hopper":1,"minecraft:leather_boots":4,"minecraft:leather_leggings":3,"minecraft:stone_pressure_plate":3,"minecraft:arrow":12,"minecraft:blue_orchid":3,"minecraft:rabbit_stew":1,"minecraft:iron_bars":3,"minecraft:bow":2,"minecraft:stone_pickaxe":2,"minecraft:beef":8,"lucky:lucky_sword":2,"minecraft:splash_potion":1},"minecraft:custom":{"minecraft:inspect_dropper":1,"minecraft:mob_kills":9,"minecraft:eat_cake_slice":2,"minecraft:time_since_death":660,"minecraft:leave_game":1,"minecraft:damage_resisted":503,"minecraft:sprint_one_cm":25906,"minecraft:walk_one_cm":89520,"minecraft:drop":175,"minecraft:deaths":68,"minecraft:sneak_time":25335,"minecraft:walk_under_water_one_cm":51979,"minecraft:jump":586,"minecraft:walk_on_water_one_cm":14585,"minecraft:play_one_minute":67169,"minecraft:time_since_rest":698,"minecraft:damage_absorbed":480,"minecraft:open_enderchest":8,"minecraft:damage_taken":22684,"minecraft:damage_dealt":3620,"minecraft:swim_one_cm":5325,"minecraft:fly_one_cm":139720,"minecraft:player_kills":20,"minecraft:open_chest":10,"minecraft:crouch_one_cm":83496,"minecraft:fall_one_cm":22645},"minecraft:picked_up":{"minecraft:prismarine_shard":45,"minecraft:fishing_rod":1,"minecraft:music_disc_strad":1,"minecraft:iron_chestplate":2,"minecraft:allium":22,"minecraft:azure_bluet":21,"minecraft:nether_wart":1,"minecraft:splash_potion":5,"minecraft:ender_chest":2,"minecraft:iron_trapdoor":4,"minecraft:rabbit_stew":1,"minecraft:redstone_lamp":11,"minecraft:yellow_wool":23,"minecraft:leather_leggings":3,"minecraft:diamond_sword":3,"minecraft:bee_spawn_egg":1,"minecraft:gold_block":1,"minecraft:potion":4,"minecraft:enchanted_book":7,"minecraft:heavy_weighted_pressure_plate":2,"minecraft:lapis_block":1,"minecraft:oak_trapdoor":2,"minecraft:string":19,"minecraft:iron_axe":1,"lucky:lucky_potion":49,"minecraft:iron_leggings":2,"minecraft:sticky_piston":7,"minecraft:pufferfish":4,"minecraft:oak_sign":1,"minecraft:blue_orchid":6,"minecraft:gold_nugget":6,"lucky:lucky_sword":3,"minecraft:comparator":3,"minecraft:bucket":1,"minecraft:light_weighted_pressure_plate":1,"minecraft:beef":8,"minecraft:red_dye":2,"minecraft:redstone_torch":8,"minecraft:cyan_wool":3,"minecraft:player_head":4,"minecraft:ender_eye":7,"minecraft:poppy":18,"minecraft:iron_pickaxe":1,"minecraft:piston":7,"minecraft:iron_boots":2,"minecraft:golden_helmet":1,"minecraft:orange_dye":5,"minecraft:stick":1,"minecraft:sandstone":6,"minecraft:jukebox":3,"minecraft:oak_door":3,"minecraft:oak_fence":6,"minecraft:torch":8,"minecraft:note_block":3,"minecraft:porkchop":4,"minecraft:cake":1,"minecraft:stone_button":5,"minecraft:cookie":31,"minecraft:music_disc_11":1,"minecraft:trident":1,"minecraft:redstone":98,"minecraft:prismarine_crystals":15,"minecraft:golden_chestplate":2,"minecraft:iron_horse_armor":1,"minecraft:rabbit_foot":1,"minecraft:stone_pressure_plate":5,"minecraft:rotten_flesh":4,"minecraft:tnt":32,"minecraft:quartz_block":2,"minecraft:stone_sword":1,"minecraft:stone_shovel":2,"minecraft:arrow":44,"minecraft:diamond_chestplate":1,"minecraft:tropical_fish":8,"minecraft:pumpkin_pie":13,"minecraft:music_disc_ward":2,"minecraft:hay_block":8,"minecraft:sandstone_stairs":5,"minecraft:iron_block":1,"minecraft:yellow_terracotta":2,"minecraft:pink_tulip":17,"minecraft:saddle":4,"minecraft:gold_ingot":14,"minecraft:wolf_spawn_egg":1,"minecraft:blaze_rod":2,"minecraft:obsidian":31,"minecraft:iron_bars":3,"minecraft:cod":7,"minecraft:blaze_powder":2,"minecraft:cobblestone":41,"minecraft:oxeye_daisy":21,"minecraft:enchanting_table":1,"minecraft:leather_chestplate":4,"minecraft:cooked_beef":5,"minecraft:repeater":8,"minecraft:golden_carrot":2,"minecraft:iron_door":2,"minecraft:tripwire_hook":2,"minecraft:water_bucket":2,"minecraft:salmon":4,"minecraft:golden_leggings":1,"minecraft:potato":139,"minecraft:end_portal_frame":20,"minecraft:mushroom_stew":1,"minecraft:light_gray_dye":1,"minecraft:golden_boots":1,"minecraft:gunpowder":1,"minecraft:wither_skeleton_skull":1,"minecraft:cobblestone_stairs":16,"lucky:lucky_bow":5,"minecraft:leather_boots":5,"minecraft:bone":5,"minecraft:apple":1,"minecraft:bow":3,"minecraft:iron_ingot":18,"minecraft:oak_fence_gate":1,"minecraft:stone_pickaxe":2,"minecraft:cooked_chicken":2,"minecraft:diamond_helmet":1,"minecraft:prismarine":27,"minecraft:stone_hoe":1,"minecraft:iron_sword":1,"minecraft:pillager_spawn_egg":1,"minecraft:sheep_spawn_egg":2,"minecraft:milk_bucket":1,"minecraft:cooked_porkchop":2,"minecraft:music_disc_13":1,"minecraft:pumpkin":34,"minecraft:daylight_detector":1,"minecraft:red_wool":1,"minecraft:dandelion":15,"minecraft:oak_pressure_plate":10,"minecraft:poisonous_potato":10,"minecraft:lava_bucket":2,"minecraft:dropper":14,"minecraft:fermented_spider_eye":2,"minecraft:diamond_block":1,"minecraft:sea_lantern":8,"minecraft:dragon_egg":1,"minecraft:leather_helmet":2,"minecraft:skeleton_spawn_egg":1,"minecraft:music_disc_mall":1,"minecraft:husk_spawn_egg":1,"minecraft:dispenser":6,"minecraft:sugar":2,"minecraft:diamond":47,"minecraft:slime_block":43,"minecraft:lever":11,"minecraft:iron_helmet":5,"minecraft:granite":3,"minecraft:golden_apple":4,"minecraft:gray_wool":2,"minecraft:golden_horse_armor":1,"minecraft:bread":2,"minecraft:oak_button":6,"minecraft:baked_potato":71,"minecraft:jack_o_lantern":10,"minecraft:black_wool":4,"minecraft:pink_dye":1,"minecraft:nether_star":2,"minecraft:hopper":5,"minecraft:golden_pickaxe":1,"minecraft:ender_pearl":12},"minecraft:crafted":{"minecraft:iron_ingot":9},"minecraft:mined":{"minecraft:granite":3,"minecraft:oak_pressure_plate":1,"minecraft:sandstone":1,"minecraft:fire":1,"minecraft:gold_block":1,"minecraft:iron_bars":3,"minecraft:stone":31,"lucky:lucky_block":222,"minecraft:iron_block":1,"minecraft:quartz_block":3,"minecraft:oak_fence":3,"minecraft:cobblestone":5,"minecraft:glass":7,"minecraft:slime_block":15,"minecraft:red_glazed_terracotta":1,"minecraft:prismarine":5,"minecraft:black_stained_glass":1,"minecraft:lapis_block":2,"minecraft:yellow_wool":9,"minecraft:tnt":11,"minecraft:cobweb":18,"minecraft:piston":1},"minecraft:killed_by":{"minecraft:player":30,"minecraft:creeper":2,"minecraft:enderman":1,"minecraft:magma_cube":1,"minecraft:slime":1,"minecraft:blaze":2,"minecraft:vex":1},"minecraft:broken":{"minecraft:iron_boots":1,"minecraft:iron_leggings":1,"minecraft:leather_boots":1},"minecraft:used":{"minecraft:oak_fence":1,"minecraft:dispenser":2,"minecraft:ender_chest":2,"minecraft:iron_sword":21,"minecraft:granite":3,"minecraft:obsidian":30,"minecraft:sea_lantern":8,"minecraft:lava_bucket":2,"minecraft:slime_block":27,"minecraft:quartz_block":2,"minecraft:redstone_lamp":4,"minecraft:bow":23,"minecraft:hay_block":8,"minecraft:enchanted_golden_apple":2,"lucky:lucky_potion":48,"minecraft:pumpkin":23,"minecraft:water_bucket":2,"minecraft:cobblestone_stairs":16,"minecraft:sandstone_stairs":5,"minecraft:dropper":3,"minecraft:prismarine":27,"minecraft:stone_pickaxe":37,"minecraft:ender_pearl":4,"minecraft:sandstone":7,"minecraft:beacon":1,"lucky:lucky_sword":109,"minecraft:sheep_spawn_egg":1,"minecraft:golden_apple":2,"minecraft:yellow_terracotta":2,"minecraft:tnt":6,"minecraft:ender_eye":7,"minecraft:piston":3,"minecraft:iron_pickaxe":67,"minecraft:oak_pressure_plate":3,"minecraft:iron_door":1,"minecraft:yellow_wool":20,"minecraft:diamond_sword":5,"minecraft:cobblestone":40,"minecraft:potion":1,"minecraft:cooked_porkchop":1,"minecraft:bucket":1,"minecraft:lapis_block":2,"minecraft:pumpkin_pie":1,"minecraft:end_portal_frame":17,"minecraft:husk_spawn_egg":1,"minecraft:jukebox":3,"minecraft:splash_potion":2,"minecraft:pillager_spawn_egg":1},"minecraft:killed":{"minecraft:zombified_piglin":1,"minecraft:skeleton":1,"minecraft:llama":1,"minecraft:skeleton_horse":1,"minecraft:bat":1,"minecraft:zombie":1}},"DataVersion":2586}