{"stats":{"minecraft:dropped":{"minecraft:lever":4,"minecraft:player_head":2,"minecraft:glass_bottle":1,"minecraft:tropical_fish":1,"minecraft:leather_chestplate":3,"minecraft:poppy":1,"minecraft:potato":2,"minecraft:stone_pressure_plate":1,"minecraft:gold_nugget":2,"minecraft:bone":3},"minecraft:custom":{"minecraft:inspect_dropper":1,"minecraft:mob_kills":2,"minecraft:play_one_minute":31169,"minecraft:eat_cake_slice":2,"minecraft:leave_game":1,"minecraft:time_since_death":348,"minecraft:damage_resisted":19,"minecraft:time_since_rest":378,"minecraft:open_enderchest":2,"minecraft:sprint_one_cm":10349,"minecraft:walk_one_cm":38869,"minecraft:damage_taken":10235,"minecraft:drop":18,"minecraft:damage_dealt":1204,"minecraft:swim_one_cm":3519,"minecraft:fly_one_cm":18273,"minecraft:player_kills":14,"minecraft:open_chest":4,"minecraft:crouch_one_cm":39539,"minecraft:deaths":34,"minecraft:sneak_time":11401,"minecraft:walk_under_water_one_cm":10131,"minecraft:jump":321,"minecraft:walk_on_water_one_cm":2869,"minecraft:fall_one_cm":9007},"minecraft:picked_up":{"minecraft:ender_chest":2,"minecraft:golden_carrot":2,"minecraft:iron_chestplate":1,"minecraft:enchanting_table":1,"minecraft:leather_leggings":2,"minecraft:leather_chestplate":3,"minecraft:allium":7,"minecraft:azure_bluet":2,"minecraft:cooked_beef":5,"minecraft:splash_potion":4,"minecraft:repeater":7,"minecraft:iron_trapdoor":2,"minecraft:iron_door":2,"minecraft:tripwire_hook":2,"minecraft:water_bucket":1,"minecraft:yellow_wool":22,"minecraft:redstone_lamp":8,"minecraft:golden_leggings":1,"minecraft:diamond_sword":2,"minecraft:end_portal_frame":3,"minecraft:potato":16,"minecraft:enchanted_book":1,"minecraft:potion":4,"minecraft:golden_boots":1,"minecraft:cobblestone_stairs":8,"minecraft:heavy_weighted_pressure_plate":1,"minecraft:string":5,"minecraft:oak_trapdoor":2,"lucky:lucky_bow":2,"lucky:lucky_potion":5,"minecraft:leather_boots":3,"minecraft:sticky_piston":4,"minecraft:pufferfish":1,"minecraft:bone":4,"minecraft:blue_orchid":3,"minecraft:oak_sign":1,"minecraft:cooked_chicken":2,"minecraft:bow":3,"minecraft:gold_nugget":1,"minecraft:beef":8,"minecraft:comparator":2,"minecraft:bucket":1,"minecraft:light_weighted_pressure_plate":1,"minecraft:iron_ingot":10,"minecraft:oak_fence_gate":1,"minecraft:stone_pickaxe":1,"minecraft:player_head":3,"minecraft:redstone_torch":8,"minecraft:ender_eye":3,"minecraft:cyan_wool":3,"minecraft:poppy":12,"minecraft:piston":7,"minecraft:pillager_spawn_egg":1,"minecraft:golden_helmet":1,"minecraft:sandstone":5,"minecraft:milk_bucket":1,"minecraft:oak_door":3,"minecraft:pumpkin":6,"minecraft:daylight_detector":1,"minecraft:oak_fence":6,"minecraft:torch":8,"minecraft:red_wool":1,"minecraft:dandelion":6,"minecraft:oak_pressure_plate":5,"minecraft:poisonous_potato":4,"minecraft:dropper":6,"minecraft:note_block":1,"minecraft:lava_bucket":2,"minecraft:porkchop":1,"minecraft:cake":1,"minecraft:stone_button":3,"minecraft:cookie":1,"minecraft:rabbit_foot":1,"minecraft:diamond_block":1,"minecraft:trident":1,"minecraft:redstone":55,"minecraft:stone_pressure_plate":3,"minecraft:golden_chestplate":1,"minecraft:leather_helmet":2,"minecraft:skeleton_spawn_egg":1,"minecraft:tnt":8,"minecraft:quartz_block":2,"minecraft:arrow":21,"minecraft:dispenser":2,"minecraft:diamond":33,"minecraft:tropical_fish":3,"minecraft:slime_block":11,"minecraft:lever":7,"minecraft:wolf_spawn_egg":1,"minecraft:bread":1,"minecraft:sandstone_stairs":5,"minecraft:iron_block":1,"minecraft:yellow_terracotta":2,"minecraft:gray_wool":2,"minecraft:pink_tulip":14,"minecraft:gold_ingot":4,"minecraft:saddle":3,"minecraft:golden_horse_armor":1,"minecraft:blaze_powder":2,"minecraft:oak_button":4,"minecraft:blaze_rod":2,"minecraft:baked_potato":9,"minecraft:jack_o_lantern":10,"minecraft:black_wool":4,"minecraft:obsidian":14,"minecraft:cod":7,"minecraft:cobblestone":5,"minecraft:hopper":5,"minecraft:ender_pearl":9,"minecraft:oxeye_daisy":12},"minecraft:crafted":{"minecraft:iron_ingot":9},"minecraft:mined":{"minecraft:oak_fence":3,"minecraft:glass":4,"minecraft:oak_pressure_plate":1,"minecraft:yellow_wool":7,"minecraft:tnt":2,"lucky:lucky_block":63,"minecraft:piston":1},"minecraft:killed_by":{"minecraft:player":16,"minecraft:blaze":2,"minecraft:slime":1,"minecraft:vex":1},"minecraft:broken":{"minecraft:leather_boots":1},"minecraft:used":{"minecraft:water_bucket":1,"minecraft:oak_fence":1,"minecraft:sandstone_stairs":5,"minecraft:dropper":3,"minecraft:sandstone":6,"minecraft:yellow_terracotta":2,"minecraft:tnt":2,"minecraft:obsidian":13,"minecraft:piston":3,"minecraft:lava_bucket":2,"minecraft:quartz_block":2,"minecraft:oak_pressure_plate":3,"minecraft:iron_door":1,"minecraft:yellow_wool":20,"minecraft:cobblestone":1,"minecraft:bow":23,"minecraft:diamond_sword":5,"minecraft:redstone_lamp":4,"minecraft:potion":1,"minecraft:lapis_block":1,"minecraft:bucket":1,"lucky:lucky_potion":5,"minecraft:splash_potion":2},"minecraft:killed":{"minecraft:bat":1,"minecraft:llama":1}},"DataVersion":2586}