{"stats":{"minecraft:custom":{"minecraft:jump":44,"minecraft:time_since_rest":2724,"minecraft:leave_game":1,"minecraft:damage_dealt":65,"minecraft:walk_on_water_one_cm":3235,"minecraft:sprint_one_cm":2159,"minecraft:play_time":2724,"minecraft:damage_taken":200,"minecraft:time_since_death":2724,"minecraft:walk_one_cm":18192,"minecraft:total_world_time":2724,"minecraft:walk_under_water_one_cm":396,"minecraft:fall_one_cm":418,"minecraft:fly_one_cm":850},"minecraft:mined":{"biomesoplenty:clover":2}},"DataVersion":3465}