{"stats":{"minecraft:dropped":{"minecraft:tropical_fish":1,"minecraft:poppy":1,"minecraft:potato":2,"minecraft:stone_pressure_plate":1,"minecraft:gold_nugget":2},"minecraft:custom":{"minecraft:inspect_dropper":1,"minecraft:mob_kills":1,"minecraft:play_one_minute":19169,"minecraft:eat_cake_slice":2,"minecraft:leave_game":1,"minecraft:time_since_death":87,"minecraft:time_since_rest":119,"minecraft:sprint_one_cm":2985,"minecraft:walk_one_cm":28088,"minecraft:damage_taken":6166,"minecraft:drop":7,"minecraft:damage_dealt":945,"minecraft:swim_one_cm":3188,"minecraft:fly_one_cm":6724,"minecraft:player_kills":10,"minecraft:crouch_one_cm":25299,"minecraft:deaths":21,"minecraft:sneak_time":6763,"minecraft:walk_under_water_one_cm":10022,"minecraft:jump":210,"minecraft:walk_on_water_one_cm":2630,"minecraft:fall_one_cm":5250},"minecraft:picked_up":{"minecraft:allium":7,"minecraft:azure_bluet":2,"minecraft:repeater":7,"minecraft:iron_trapdoor":2,"minecraft:iron_door":2,"minecraft:tripwire_hook":2,"minecraft:yellow_wool":3,"minecraft:redstone_lamp":8,"minecraft:golden_leggings":1,"minecraft:diamond_sword":2,"minecraft:end_portal_frame":3,"minecraft:potato":16,"minecraft:golden_boots":1,"minecraft:heavy_weighted_pressure_plate":1,"minecraft:oak_trapdoor":2,"lucky:lucky_bow":2,"minecraft:sticky_piston":4,"minecraft:pufferfish":1,"minecraft:blue_orchid":3,"minecraft:oak_sign":1,"minecraft:bow":1,"minecraft:gold_nugget":1,"minecraft:comparator":2,"minecraft:light_weighted_pressure_plate":1,"minecraft:iron_ingot":10,"minecraft:oak_fence_gate":1,"minecraft:redstone_torch":8,"minecraft:cyan_wool":3,"minecraft:poppy":9,"minecraft:piston":7,"minecraft:golden_helmet":1,"minecraft:oak_door":2,"minecraft:pumpkin":6,"minecraft:daylight_detector":1,"minecraft:oak_fence":2,"minecraft:red_wool":1,"minecraft:dandelion":6,"minecraft:oak_pressure_plate":4,"minecraft:poisonous_potato":4,"minecraft:dropper":6,"minecraft:note_block":1,"minecraft:lava_bucket":1,"minecraft:stone_button":3,"minecraft:redstone":54,"minecraft:stone_pressure_plate":3,"minecraft:golden_chestplate":1,"minecraft:leather_helmet":1,"minecraft:tnt":8,"minecraft:dispenser":2,"minecraft:diamond":27,"minecraft:tropical_fish":3,"minecraft:slime_block":11,"minecraft:lever":3,"minecraft:gray_wool":2,"minecraft:pink_tulip":14,"minecraft:gold_ingot":2,"minecraft:saddle":2,"minecraft:golden_horse_armor":1,"minecraft:oak_button":4,"minecraft:baked_potato":9,"minecraft:jack_o_lantern":10,"minecraft:black_wool":4,"minecraft:cod":7,"minecraft:hopper":4,"minecraft:oxeye_daisy":12},"minecraft:mined":{"minecraft:oak_fence":1,"minecraft:glass":4,"minecraft:oak_pressure_plate":1,"minecraft:yellow_wool":4,"minecraft:tnt":2,"lucky:lucky_block":40,"minecraft:piston":1},"minecraft:killed_by":{"minecraft:player":10,"minecraft:slime":1},"minecraft:used":{"minecraft:oak_fence":1,"minecraft:dropper":3,"minecraft:tnt":2,"minecraft:piston":3,"minecraft:oak_pressure_plate":3,"minecraft:iron_door":1,"minecraft:yellow_wool":1,"minecraft:diamond_sword":5,"minecraft:redstone_lamp":4},"minecraft:killed":{"minecraft:llama":1}},"DataVersion":2586}