{"stats":{"minecraft:dropped":{"minecraft:enchanted_book":2,"minecraft:bread":2,"minecraft:wolf_spawn_egg":1,"minecraft:porkchop":1,"minecraft:cooked_beef":5,"minecraft:glass_bottle":1,"minecraft:diamond":4,"minecraft:cookie":20,"minecraft:oak_fence":4,"minecraft:iron_helmet":4,"minecraft:tropical_fish":1,"minecraft:leather_helmet":1,"minecraft:pufferfish":1,"minecraft:golden_carrot":2,"minecraft:torch":8,"minecraft:iron_leggings":1,"minecraft:music_disc_strad":1,"minecraft:gold_nugget":4,"minecraft:sugar":2,"minecraft:fishing_rod":1,"minecraft:string":5,"minecraft:bucket":3,"minecraft:redstone":1,"minecraft:bone":7,"minecraft:oak_door":1,"minecraft:lever":4,"minecraft:player_head":4,"minecraft:cooked_chicken":2,"minecraft:blaze_rod":2,"minecraft:skeleton_spawn_egg":1,"minecraft:salmon":4,"minecraft:rabbit_foot":1,"minecraft:poppy":5,"minecraft:leather_chestplate":4,"minecraft:potato":2,"minecraft:iron_chestplate":2,"minecraft:hopper":1,"minecraft:leather_boots":4,"minecraft:leather_leggings":3,"minecraft:stone_pressure_plate":1,"minecraft:bow":1,"minecraft:beef":8},"minecraft:custom":{"minecraft:inspect_dropper":1,"minecraft:mob_kills":3,"minecraft:eat_cake_slice":2,"minecraft:time_since_death":66,"minecraft:leave_game":1,"minecraft:damage_resisted":392,"minecraft:sprint_one_cm":14597,"minecraft:walk_one_cm":54864,"minecraft:drop":69,"minecraft:deaths":43,"minecraft:sneak_time":15981,"minecraft:walk_under_water_one_cm":34185,"minecraft:jump":400,"minecraft:walk_on_water_one_cm":8716,"minecraft:play_one_minute":43169,"minecraft:time_since_rest":98,"minecraft:damage_absorbed":160,"minecraft:open_enderchest":3,"minecraft:damage_taken":12853,"minecraft:damage_dealt":1629,"minecraft:swim_one_cm":5259,"minecraft:fly_one_cm":32105,"minecraft:player_kills":17,"minecraft:open_chest":5,"minecraft:crouch_one_cm":55885,"minecraft:fall_one_cm":13538},"minecraft:picked_up":{"minecraft:fishing_rod":1,"minecraft:music_disc_strad":1,"minecraft:iron_chestplate":2,"minecraft:allium":12,"minecraft:azure_bluet":8,"minecraft:nether_wart":1,"minecraft:splash_potion":4,"minecraft:ender_chest":2,"minecraft:iron_trapdoor":4,"minecraft:redstone_lamp":11,"minecraft:yellow_wool":22,"minecraft:leather_leggings":3,"minecraft:diamond_sword":2,"minecraft:potion":4,"minecraft:enchanted_book":2,"minecraft:heavy_weighted_pressure_plate":2,"minecraft:lapis_block":1,"minecraft:oak_trapdoor":2,"minecraft:string":5,"lucky:lucky_potion":30,"minecraft:iron_leggings":2,"minecraft:sticky_piston":7,"minecraft:pufferfish":2,"minecraft:oak_sign":1,"minecraft:blue_orchid":3,"minecraft:gold_nugget":3,"minecraft:comparator":3,"minecraft:bucket":1,"minecraft:light_weighted_pressure_plate":1,"minecraft:beef":8,"minecraft:redstone_torch":8,"minecraft:cyan_wool":3,"minecraft:player_head":4,"minecraft:ender_eye":3,"minecraft:poppy":13,"minecraft:piston":7,"minecraft:iron_boots":1,"minecraft:golden_helmet":1,"minecraft:sandstone":5,"minecraft:jukebox":1,"minecraft:oak_door":3,"minecraft:oak_fence":6,"minecraft:torch":8,"minecraft:note_block":2,"minecraft:porkchop":2,"minecraft:cake":1,"minecraft:stone_button":5,"minecraft:cookie":20,"minecraft:trident":1,"minecraft:redstone":98,"minecraft:golden_chestplate":1,"minecraft:iron_horse_armor":1,"minecraft:rabbit_foot":1,"minecraft:stone_pressure_plate":3,"minecraft:tnt":16,"minecraft:quartz_block":2,"minecraft:arrow":37,"minecraft:diamond_chestplate":1,"minecraft:tropical_fish":3,"minecraft:pumpkin_pie":4,"minecraft:hay_block":8,"minecraft:sandstone_stairs":5,"minecraft:iron_block":1,"minecraft:yellow_terracotta":2,"minecraft:pink_tulip":14,"minecraft:saddle":3,"minecraft:gold_ingot":4,"minecraft:wolf_spawn_egg":1,"minecraft:blaze_rod":2,"minecraft:obsidian":20,"minecraft:cod":7,"minecraft:blaze_powder":2,"minecraft:cobblestone":6,"minecraft:oxeye_daisy":13,"minecraft:enchanting_table":1,"minecraft:leather_chestplate":4,"minecraft:cooked_beef":5,"minecraft:repeater":8,"minecraft:golden_carrot":2,"minecraft:iron_door":2,"minecraft:tripwire_hook":2,"minecraft:water_bucket":1,"minecraft:salmon":4,"minecraft:golden_leggings":1,"minecraft:potato":70,"minecraft:end_portal_frame":3,"minecraft:golden_boots":1,"minecraft:wither_skeleton_skull":1,"minecraft:cobblestone_stairs":8,"lucky:lucky_bow":3,"minecraft:leather_boots":5,"minecraft:bone":4,"minecraft:apple":1,"minecraft:bow":3,"minecraft:iron_ingot":10,"minecraft:oak_fence_gate":1,"minecraft:stone_pickaxe":1,"minecraft:cooked_chicken":2,"minecraft:diamond_helmet":1,"minecraft:iron_sword":1,"minecraft:pillager_spawn_egg":1,"minecraft:milk_bucket":1,"minecraft:music_disc_13":1,"minecraft:pumpkin":21,"minecraft:daylight_detector":1,"minecraft:red_wool":1,"minecraft:dandelion":6,"minecraft:oak_pressure_plate":7,"minecraft:poisonous_potato":4,"minecraft:lava_bucket":2,"minecraft:dropper":8,"minecraft:fermented_spider_eye":1,"minecraft:diamond_block":1,"minecraft:dragon_egg":1,"minecraft:leather_helmet":2,"minecraft:skeleton_spawn_egg":1,"minecraft:dispenser":4,"minecraft:sugar":2,"minecraft:diamond":37,"minecraft:slime_block":16,"minecraft:lever":7,"minecraft:iron_helmet":5,"minecraft:gray_wool":2,"minecraft:golden_horse_armor":1,"minecraft:bread":2,"minecraft:oak_button":6,"minecraft:baked_potato":9,"minecraft:jack_o_lantern":10,"minecraft:black_wool":4,"minecraft:nether_star":1,"minecraft:hopper":5,"minecraft:ender_pearl":12},"minecraft:crafted":{"minecraft:iron_ingot":9},"minecraft:mined":{"minecraft:oak_pressure_plate":1,"lucky:lucky_block":123,"minecraft:quartz_block":1,"minecraft:oak_fence":3,"minecraft:glass":6,"minecraft:slime_block":8,"minecraft:red_glazed_terracotta":1,"minecraft:lapis_block":1,"minecraft:yellow_wool":7,"minecraft:tnt":4,"minecraft:piston":1},"minecraft:killed_by":{"minecraft:player":20,"minecraft:slime":1,"minecraft:blaze":2,"minecraft:vex":1},"minecraft:broken":{"minecraft:leather_boots":1},"minecraft:used":{"minecraft:oak_fence":1,"minecraft:ender_chest":2,"minecraft:iron_sword":16,"minecraft:obsidian":19,"minecraft:lava_bucket":2,"minecraft:quartz_block":2,"minecraft:redstone_lamp":4,"minecraft:bow":23,"minecraft:hay_block":8,"lucky:lucky_potion":30,"minecraft:water_bucket":1,"minecraft:cobblestone_stairs":8,"minecraft:sandstone_stairs":5,"minecraft:dropper":3,"minecraft:stone_pickaxe":13,"minecraft:ender_pearl":1,"minecraft:sandstone":6,"minecraft:yellow_terracotta":2,"minecraft:tnt":2,"minecraft:piston":3,"minecraft:oak_pressure_plate":3,"minecraft:iron_door":1,"minecraft:yellow_wool":20,"minecraft:diamond_sword":5,"minecraft:cobblestone":6,"minecraft:potion":1,"minecraft:bucket":1,"minecraft:lapis_block":2,"minecraft:pumpkin_pie":1,"minecraft:jukebox":1,"minecraft:splash_potion":2,"minecraft:pillager_spawn_egg":1},"minecraft:killed":{"minecraft:llama":1,"minecraft:bat":1}},"DataVersion":2586}