{"stats":{"minecraft:crafted":{"minecraft:crafting_table":3,"pointblank:gunmetal_ingot":1,"minecraft:stick":8,"minecraft:wooden_pickaxe":1,"minecraft:stone_pickaxe":1,"minecraft:dark_oak_planks":100},"minecraft:killed":{"zombie_extreme:divided":1,"minecraft:skeleton":3,"minecraft:zombie":1,"zombie_extreme:goon":2,"zombie_extreme:ram":2,"zombie_extreme:infected_police":1,"minecraft:spider":5,"zombie_extreme:assasin_black_ops":1,"minecraft:creeper":3,"minecraft:phantom":1},"minecraft:custom":{"minecraft:time_since_rest":26231,"minecraft:interact_with_furnace":1,"minecraft:sprint_one_cm":64664,"minecraft:damage_taken":1224,"minecraft:walk_one_cm":128530,"minecraft:mob_kills":20,"minecraft:drop":10,"minecraft:minecart_one_cm":81420,"minecraft:damage_dealt":412,"minecraft:swim_one_cm":2090,"minecraft:interact_with_crafting_table":3,"minecraft:fly_one_cm":113997,"minecraft:crouch_one_cm":237,"minecraft:play_time":30069,"minecraft:deaths":1,"minecraft:sneak_time":332,"minecraft:walk_under_water_one_cm":6381,"minecraft:jump":251,"minecraft:climb_one_cm":4260,"minecraft:leave_game":3,"minecraft:time_since_death":25904,"minecraft:walk_on_water_one_cm":2480,"minecraft:total_world_time":30069,"minecraft:fall_one_cm":3369},"minecraft:used":{"minecraft:stone_pickaxe":17,"minecraft:oak_planks":1,"minecraft:wooden_pickaxe":9,"minecraft:iron_door":2,"marbledsarsenal:fire_axe":27,"minecraft:stripped_crimson_hyphae":1,"minecraft:crafting_table":3,"farmersdelight:egg_sandwich":6,"toughasnails:melon_juice":4,"marbledsarsenal:black_plate_carrier_t1":1,"minecraft:minecart":2},"minecraft:mined":{"minecraft:cobblestone_wall":1,"treechop:chopped_log":1,"minecraft:crafting_table":1,"minecraft:stripped_crimson_hyphae":1,"minecraft:coal_ore":3,"minecraft:white_stained_glass_pane":2,"minecraft:spruce_leaves":1,"minecraft:stone":18,"minecraft:oak_planks":1,"minecraft:iron_door":2,"minecraft:oak_leaves":1},"minecraft:dropped":{"minecraft:brown_mushroom":5,"minecraft:gunpowder":2,"minecraft:cobblestone_wall":1,"minecraft:glass_bottle":3,"minecraft:dark_oak_sapling":5,"minecraft:redstone_torch":1,"minecraft:wooden_pickaxe":1,"pointblank:gunmetal_nugget":2,"minecraft:stick":7},"minecraft:picked_up":{"minecraft:dark_oak_sapling":5,"minecraft:stick":3,"minecraft:stripped_crimson_hyphae":1,"minecraft:iron_door":2,"minecraft:brown_mushroom":5,"marbledsarsenal:black_plate_carrier_t1":1,"pointblank:gunmetal_nugget":15,"minecraft:gunpowder":2,"minecraft:cobblestone_wall":1,"marbledsarsenal:fire_axe":1,"minecraft:dark_oak_log":67,"minecraft:string":4,"minecraft:arrow":7,"toughasnails:melon_juice":16,"tacz:ammo":235,"minecraft:bone":2,"minecraft:apple":1,"tacz:modern_kinetic_gun":1,"minecraft:redstone_torch":1,"farmersdelight:egg_sandwich":64,"firstaid:bandage":32,"minecraft:minecart":1,"minecraft:oak_planks":1,"minecraft:coal":2,"minecraft:cobblestone":17}},"DataVersion":3465}