{"stats":{"minecraft:custom":{"minecraft:jump":43,"minecraft:time_since_rest":1825,"minecraft:damage_taken":225,"minecraft:leave_game":3,"minecraft:time_since_death":1498,"minecraft:play_time":5663,"minecraft:sprint_one_cm":8456,"minecraft:walk_one_cm":11940,"minecraft:walk_on_water_one_cm":106,"minecraft:deaths":1,"minecraft:sneak_time":252,"minecraft:total_world_time":5663,"minecraft:walk_under_water_one_cm":319,"minecraft:fall_one_cm":1449,"minecraft:fly_one_cm":91448},"minecraft:used":{"minecraft:oak_planks":1,"minecraft:stripped_crimson_hyphae":1},"minecraft:mined":{"minecraft:stripped_crimson_hyphae":1,"minecraft:oak_planks":1},"minecraft:picked_up":{"minecraft:stripped_crimson_hyphae":1,"minecraft:oak_planks":1}},"DataVersion":3465}