{"stats":{"minecraft:crafted":{"minecraft:crafting_table":1,"minecraft:stick":8,"minecraft:wooden_pickaxe":1,"minecraft:stone_pickaxe":1,"minecraft:dark_oak_planks":100},"minecraft:killed":{"zombie_extreme:divided":1,"minecraft:skeleton":3,"minecraft:zombie":1,"zombie_extreme:goon":1,"zombie_extreme:ram":1,"minecraft:spider":5,"minecraft:creeper":2},"minecraft:custom":{"minecraft:time_since_rest":14231,"minecraft:interact_with_furnace":1,"minecraft:sprint_one_cm":35081,"minecraft:damage_taken":598,"minecraft:walk_one_cm":67218,"minecraft:mob_kills":14,"minecraft:drop":5,"minecraft:minecart_one_cm":81420,"minecraft:damage_dealt":50,"minecraft:swim_one_cm":2090,"minecraft:interact_with_crafting_table":2,"minecraft:fly_one_cm":106314,"minecraft:crouch_one_cm":181,"minecraft:play_time":18069,"minecraft:deaths":1,"minecraft:sneak_time":288,"minecraft:walk_under_water_one_cm":3613,"minecraft:jump":147,"minecraft:climb_one_cm":3358,"minecraft:leave_game":3,"minecraft:time_since_death":13904,"minecraft:walk_on_water_one_cm":1073,"minecraft:total_world_time":18069,"minecraft:fall_one_cm":1658},"minecraft:used":{"minecraft:stone_pickaxe":17,"minecraft:oak_planks":1,"minecraft:wooden_pickaxe":9,"minecraft:iron_door":2,"marbledsarsenal:fire_axe":7,"minecraft:stripped_crimson_hyphae":1,"minecraft:crafting_table":1,"farmersdelight:egg_sandwich":2,"marbledsarsenal:black_plate_carrier_t1":1,"minecraft:minecart":2},"minecraft:mined":{"minecraft:cobblestone_wall":1,"minecraft:stripped_crimson_hyphae":1,"minecraft:coal_ore":3,"minecraft:spruce_leaves":1,"minecraft:stone":18,"minecraft:oak_planks":1,"minecraft:iron_door":2,"minecraft:oak_leaves":1},"minecraft:dropped":{"minecraft:brown_mushroom":5,"minecraft:cobblestone_wall":1,"minecraft:dark_oak_sapling":2,"minecraft:wooden_pickaxe":1,"pointblank:gunmetal_nugget":2},"minecraft:picked_up":{"minecraft:dark_oak_sapling":2,"minecraft:stick":3,"minecraft:stripped_crimson_hyphae":1,"minecraft:iron_door":2,"minecraft:brown_mushroom":5,"marbledsarsenal:black_plate_carrier_t1":1,"pointblank:gunmetal_nugget":11,"minecraft:cobblestone_wall":1,"marbledsarsenal:fire_axe":1,"minecraft:dark_oak_log":25,"minecraft:string":4,"minecraft:arrow":4,"toughasnails:melon_juice":16,"tacz:ammo":180,"minecraft:bone":2,"tacz:modern_kinetic_gun":1,"minecraft:redstone_torch":1,"farmersdelight:egg_sandwich":64,"firstaid:bandage":32,"minecraft:minecart":1,"minecraft:oak_planks":1,"minecraft:coal":2,"minecraft:cobblestone":17}},"DataVersion":3465}