{"stats":{"minecraft:custom":{"minecraft:time_since_rest":4598,"minecraft:play_time":4598,"minecraft:sprint_one_cm":8553,"minecraft:crouch_one_cm":1219,"minecraft:damage_taken":210,"minecraft:walk_one_cm":36990,"minecraft:sneak_time":35,"minecraft:drop":1,"minecraft:jump":53,"minecraft:damage_dealt":17,"minecraft:time_since_death":4598,"minecraft:total_world_time":4598,"minecraft:interact_with_crafting_table":1,"minecraft:fall_one_cm":1237,"minecraft:fly_one_cm":1762},"minecraft:used":{"minecraft:rabbit_stew":1,"minecraft:carrot":2},"minecraft:mined":{"minecraft:grass_block":1,"minecraft:dirt":2},"minecraft:dropped":{"minecraft:cooked_mutton":1},"minecraft:picked_up":{"minecraft:cooked_mutton":1,"minecraft:item_frame":1,"minecraft:rabbit_stew":1,"minecraft:carrot":1,"minecraft:dirt":3}},"DataVersion":3465}